finding_id	kind	source_record	current_record	current_record_sha256	original_assertion	original_object	disposition	reason	source_context_rows	source_dois	change_plan
SEM:ef0bc292f7a73801214e	component_source_scope	data/ingredients/mapped/PY-glucose-rumen_Fluid.yaml	data/ingredients/mapped/PY-glucose-rumen_Fluid.yaml	0d9423c4dde8bee8140bab7b0cc6b27bcfa2e2a1c7c617ff454df19fbc17f777	MIM.assertion:03d658cb027ec3d8891706f4e6043d0c311fd903b8e2a6eee1c05b2e23618de1	CHEBI:17234	OPEN_SOURCE_VERIFICATION	Raw source is Treponema socranskii. The retained clarified-rumen-fluid identifier is more specific than the source label; the original preparation/clarification method and PY base still require verification.	20395	https://doi.org/10.1002/9781118960608.gbm01249	
SEM:d4aee62995713389feb5	component_source_scope	data/ingredients/mapped/TYGVS_Glucose.yaml	data/ingredients/mapped/TYGVS_Glucose.yaml	0914aecb007a71a9f4e010c08b24d55c1b02b1b522c32a8c5384bc56d5959c6e	MIM.assertion:0494118e94b8a2124f13652d7fc88be3fedf179f537d7066a9e23355a18d73c0	MICRO:0000175	OPEN_SOURCE_VERIFICATION	Raw source is Treponema medium. Later primary oral TYGVS protocols disagree in named peptone (Trypticase versus Tryptone); neither a different-species recipe nor a shared acronym establishes the original preparation. Adversarial review rejected a tentative promotion; all four original claims remain provisional pending the actual citation chain.	20378	https://doi.org/10.1002/9781118960608.gbm01249	applied-changes.json
SEM:edafdd3e7e62162992cd	component_source_scope	data/ingredients/mapped/PYG_Rumen_Fluid.yaml	data/ingredients/mapped/PYG_Rumen_Fluid.yaml	833d1bf421b60fb474361c29a35f88d5702c790d5385221d6fa6757199801c01	MIM.assertion:0a7afbe75791ceb4c426bc9e0f5b45ee7c2392c674a261ce3571668e3ed94371	CHEBI:17234	OPEN_SOURCE_VERIFICATION	Raw source is Eubacterium ruminantium. An unrelated 1993 experimental paper supports rumen-fluid-supplemented PYG for this species, but neither clarification nor the original source-specific recipe has been verified.	5906	https://doi.org/10.1002/9781118960608.gbm00629	
SEM:f95f7e998985eb28aef9	component_source_scope	data/ingredients/mapped/PY-maltose.yaml	data/ingredients/mapped/PY-maltose.yaml	2541f490f2d97f40eb21139dfd94373a90d419f91aaeabd111e8af711d7f44f0	MIM.assertion:0aeff7b59b5a09ae72f4f25d1d26b8cb68210d1fd73c2ffadc4a01f3fc85aac9	FOODON:03315426	OPEN_SOURCE_VERIFICATION	Raw source is Clostridium leptum. The prior report explicitly required upstream context before accepting an example formulation; original source recipe remains uninspected.	4130	https://doi.org/10.1002/9781118960608.gbm00619	
SEM:64f76c455631e72adfc2	component_source_scope	data/ingredients/mapped/PYEG.yaml	data/ingredients/mapped/PYEG.yaml	59aa22d3f741cba3f712bb3294adc7abc1f1e6933dad74b9d79001299c88dd0a	MIM.assertion:0b62d870ea596b6fdf8422d9dc3369e5a9e493e96251f2c419964aabc6b78c94	MICRO:0000178	OPEN_SOURCE_VERIFICATION	Raw source is Clostridium scindens. The prior literature report centers on Caulobacter and unrelated PYEG uses. Current culture-collection growth recipes cannot establish the original substrate preparation.	4180	https://doi.org/10.1002/9781118960608.gbm00619	
SEM:4427baace6f735481bbf	component_source_scope	data/ingredients/mapped/PY-pectin.yaml	data/ingredients/mapped/PY-pectin.yaml	fe00f8b6439c9d1c86c68ce20efdf672115465cd58b2455edf4ddf30c1e4a6e6	MIM.assertion:174a8f5f9a5fbdd6930aa555a3f3d9af42912d0de9a3c28406c1d8c7d6b8e8f5	FOODON:03315426	OPEN_SOURCE_VERIFICATION	Raw source is Treponema pectinovorum. ATCC1223 supports a pectin-containing recipe for that species but does not demonstrate that its branded polypeptone formula equals the original PY-pectin source; keep original-source review open.	20383	https://doi.org/10.1002/9781118960608.gbm01249	
SEM:02fd5c5ea689148396f7	component_source_scope	data/ingredients/mapped/PY-fructose.yaml	data/ingredients/mapped/PY-fructose.yaml	44809853b4659af251e0de30e48eb959d678de126e40dacebddc68bd0561d5e6	MIM.assertion:1a0538d0ec46fc78e1b447dabf1d119bc305511eb184e076fd561712341dbf05	MICRO:0000178	OPEN_SOURCE_VERIFICATION	Raw source is Clostridium formicaceticum. The prior report primarily relied on Pectinatus portalensis PYF; this different-organism recipe does not establish the original PY-fructose preparation.	4104	https://doi.org/10.1002/9781118960608.gbm00619	
SEM:1e048edc602977bf2936	component_source_scope	data/ingredients/mapped/PYGS.yaml	data/ingredients/mapped/PYGS.yaml	b5d43cabed7ee976f44bb5bbc6a3f0ecc127c9bb6097c36c9b5e7ba433aa6f52	MIM.assertion:1ad8beb3f45e7a2a4358563a0921bba3c1970044333598ca52461c55e399d817	CHEBI:17234	OPEN_SOURCE_VERIFICATION	Raw source is Clostridium frigidicarnis. Adam et al. 2011 (doi:10.1111/j.1472-765X.2011.03071.x) corroborates starch-containing PYGS for this species, but the originating Bergey/1999 recipe chain was not inspected; no automatic promotion from a later same-species recipe.	4105|4110|8884	https://doi.org/10.1002/9781118960608.gbm00619	
SEM:1c002b94f688721ee57c	component_source_scope	data/ingredients/mapped/TYGVS_Glucose.yaml	data/ingredients/mapped/TYGVS_Glucose.yaml	0914aecb007a71a9f4e010c08b24d55c1b02b1b522c32a8c5384bc56d5959c6e	MIM.assertion:1e8df80a09dfe19cb4d37ff3987d9312287cb461e04c563053ad89e52bc56a5f	FOODON:03315426	OPEN_SOURCE_VERIFICATION	Raw source is Treponema medium. Later primary oral TYGVS protocols disagree in named peptone (Trypticase versus Tryptone); neither a different-species recipe nor a shared acronym establishes the original preparation. Adversarial review rejected a tentative promotion; all four original claims remain provisional pending the actual citation chain.	20378	https://doi.org/10.1002/9781118960608.gbm01249	applied-changes.json
SEM:9b00dba6999733399b0f	component_source_scope	data/ingredients/mapped/PYG-002_Tween_80.yaml	data/ingredients/mapped/PYG-002_Tween_80.yaml	39aa2fd4d32cd75ab37ad154727c197daa5303d9d40fb21771c7bad63e6e489f	MIM.assertion:2442a24f30b32bffaf535a3ecd26f1df0c0422c4ecbd77220f813dcbc726ef57	CHEBI:53426	OPEN_SOURCE_VERIFICATION	Raw source is Holdemanella biformis. Source label supplies Tween concentration but does not independently identify the PY base formulation or prove all inferred component identities.	8051	https://doi.org/10.1002/9781118960608.gbm00629	
SEM:a678a1a16dc0e665c32e	component_source_scope	data/ingredients/mapped/GYPS.yaml	data/ingredients/mapped/GYPS.yaml	36840ca128760eb0ac542753d24d155fd1ebb6ccd8229be130953a0d01f2cf6e	MIM.assertion:24e38b6af4145b38d3ada742791a477645de199de3e4c650d2b807a55a2d7d79	MICRO:0000178	SOURCE_VERIFIED	Exact raw source context is Caminicella sporogenes. Alain et al. 2002 p1622 (doi:10.1099/00207713-52-5-1621) defines glucose/yeast extract/peptone/sulfur medium; starch was incorrect. Four current parts are a partial recipe transcription, not a universal GYPS composition.	3351	https://doi.org/10.1002/9781118960608.gbm00618	applied-changes.json
SEM:eb5b855741a3ae3bfba7	component_source_scope	data/ingredients/mapped/PYGS.yaml	data/ingredients/mapped/PYGS.yaml	b5d43cabed7ee976f44bb5bbc6a3f0ecc127c9bb6097c36c9b5e7ba433aa6f52	MIM.assertion:252d4f73506272766c798ae7a00d90b218c91d1c0aecf90411b8bd777a30e62d	FOODON:03315426	OPEN_SOURCE_VERIFICATION	Raw source is Clostridium frigidicarnis. Adam et al. 2011 (doi:10.1111/j.1472-765X.2011.03071.x) corroborates starch-containing PYGS for this species, but the originating Bergey/1999 recipe chain was not inspected; no automatic promotion from a later same-species recipe.	4105|4110|8884	https://doi.org/10.1002/9781118960608.gbm00619	
SEM:936d5169b571bf3c8956	component_source_scope	data/ingredients/mapped/PY-maltose.yaml	data/ingredients/mapped/PY-maltose.yaml	2541f490f2d97f40eb21139dfd94373a90d419f91aaeabd111e8af711d7f44f0	MIM.assertion:2c7ce10611a4a532eef68ea45c5ef114a2eff5eaf472d1dfb6a51a79b3250226	MICRO:0000178	OPEN_SOURCE_VERIFICATION	Raw source is Clostridium leptum. The prior report explicitly required upstream context before accepting an example formulation; original source recipe remains uninspected.	4130	https://doi.org/10.1002/9781118960608.gbm00619	
SEM:7ad88e71c702b5583572	component_source_scope	data/ingredients/mapped/PYG-002_Tween_80.yaml	data/ingredients/mapped/PYG-002_Tween_80.yaml	39aa2fd4d32cd75ab37ad154727c197daa5303d9d40fb21771c7bad63e6e489f	MIM.assertion:3f8bc2fd4f35b765a1575dd6709830f6597c13966b792102168a289ecda3a833	CHEBI:17234	OPEN_SOURCE_VERIFICATION	Raw source is Holdemanella biformis. Source label supplies Tween concentration but does not independently identify the PY base formulation or prove all inferred component identities.	8051	https://doi.org/10.1002/9781118960608.gbm00629	
SEM:1b35b988f194187fab25	component_source_scope	data/ingredients/mapped/PY-fructose.yaml	data/ingredients/mapped/PY-fructose.yaml	44809853b4659af251e0de30e48eb959d678de126e40dacebddc68bd0561d5e6	MIM.assertion:4904fd1c289543df8c40de36a3e7215f203f0a1d336da6d2cd38ad2a3fb93b68	FOODON:03315426	OPEN_SOURCE_VERIFICATION	Raw source is Clostridium formicaceticum. The prior report primarily relied on Pectinatus portalensis PYF; this different-organism recipe does not establish the original PY-fructose preparation.	4104	https://doi.org/10.1002/9781118960608.gbm00619	
SEM:2bdb2591fbe0efba3ad9	component_source_scope	data/ingredients/mapped/GYPS.yaml	data/ingredients/mapped/GYPS.yaml	36840ca128760eb0ac542753d24d155fd1ebb6ccd8229be130953a0d01f2cf6e	MIM.assertion:4ed10b90db1e3da88cb3b06aa4a1c4a0c85354abe78f2dd0a982f3a661855af2	CHEBI:17234	SOURCE_VERIFIED	Exact raw source context is Caminicella sporogenes. Alain et al. 2002 p1622 (doi:10.1099/00207713-52-5-1621) defines glucose/yeast extract/peptone/sulfur medium; starch was incorrect. Four current parts are a partial recipe transcription, not a universal GYPS composition.	3351	https://doi.org/10.1002/9781118960608.gbm00618	applied-changes.json
SEM:822e6f9214192679b159	component_source_scope	data/ingredients/mapped/PYG_Rumen_Fluid.yaml	data/ingredients/mapped/PYG_Rumen_Fluid.yaml	833d1bf421b60fb474361c29a35f88d5702c790d5385221d6fa6757199801c01	MIM.assertion:50571b3571770ebbc7cfadadfacf5052f9499b73f1d3ade276066fbf23d65c2c	FOODON:03315426	OPEN_SOURCE_VERIFICATION	Raw source is Eubacterium ruminantium. An unrelated 1993 experimental paper supports rumen-fluid-supplemented PYG for this species, but neither clarification nor the original source-specific recipe has been verified.	5906	https://doi.org/10.1002/9781118960608.gbm00629	
SEM:4342978a6d6a785d5a94	component_source_scope	data/ingredients/mapped/CMC_PY_Horse_Serum.yaml	data/ingredients/unmapped/CMC_PY_Horse_Serum.yaml	39e3ff65e31ecd99696afd0b2d3429fba96751361b019a92933e136372b74077	MIM.assertion:559e7d826353cadc0820d0778024cae6b9ad3b9b4d87970cc947af70ba5496ea	MICRO:0000178	WITHDRAWN_FALSE_MIXTURE	Love et al. 1979 (doi:10.1099/00207713-29-3-241) describes separate cooked meat-carbohydrate and peptone-yeast cultures with horse serum. The source expression was incorrectly flattened into one mixture, and CMC wrongly expanded as carboxymethylcellulose. All four edges withdrawn; raw expression retained as AMBIGUOUS.	6109	https://doi.org/10.1002/9781118960608.gbm00667	applied-changes.json
SEM:1cfec4460ef0ccb1e1d7	component_source_scope	data/ingredients/mapped/TYGVS_Glucose.yaml	data/ingredients/mapped/TYGVS_Glucose.yaml	0914aecb007a71a9f4e010c08b24d55c1b02b1b522c32a8c5384bc56d5959c6e	MIM.assertion:581ac27e57722a775a24f308f1a0c524a8ee1d6ce4a2b26e8190a45aedb29209	CHEBI:17234	OPEN_SOURCE_VERIFICATION	Raw source is Treponema medium. Later primary oral TYGVS protocols disagree in named peptone (Trypticase versus Tryptone); neither a different-species recipe nor a shared acronym establishes the original preparation. Adversarial review rejected a tentative promotion; all four original claims remain provisional pending the actual citation chain.	20378	https://doi.org/10.1002/9781118960608.gbm01249	applied-changes.json
SEM:6028aad55b495239163c	component_source_scope	data/ingredients/mapped/Fastidious_Anaerobe_Broth_With_Meat_Granules.yaml	data/ingredients/mapped/Fastidious_Anaerobe_Broth_With_Meat_Granules.yaml	aa56347529508fd0c082571cfd39540c6ac3205ba587c992594015c1e881c6a5	MIM.assertion:58c585b6b65586e6d563d130659491edbdc6ba81dd3ad0191be1bc41f1339fe9	MICRO:0000178	OPEN_SOURCE_VERIFICATION	Raw source is Fastidiosipila sanguinis; the Bergey abstract confirms this medium label but does not specify manufacturer or ingredients. The ignored Edison report contains no answer. The four inferred components remain unverified against original source/product methods.	6029	https://doi.org/10.1002/9781118960608.gbm00675	
SEM:7723b5e4c1662a22a282	component_source_scope	data/ingredients/mapped/PYEG.yaml	data/ingredients/mapped/PYEG.yaml	59aa22d3f741cba3f712bb3294adc7abc1f1e6933dad74b9d79001299c88dd0a	MIM.assertion:5a448065c5aadef456609bcae202b3e3d80ca08573425c376b09b61664dfc622	FOODON:03315426	OPEN_SOURCE_VERIFICATION	Raw source is Clostridium scindens. The prior literature report centers on Caulobacter and unrelated PYEG uses. Current culture-collection growth recipes cannot establish the original substrate preparation.	4180	https://doi.org/10.1002/9781118960608.gbm00619	
SEM:b9893bf06ac5d340ca5c	component_source_scope	data/ingredients/mapped/Fastidious_Anaerobe_Broth_With_Meat_Granules.yaml	data/ingredients/mapped/Fastidious_Anaerobe_Broth_With_Meat_Granules.yaml	aa56347529508fd0c082571cfd39540c6ac3205ba587c992594015c1e881c6a5	MIM.assertion:5e257be0d98d5b7765541222be6194f7980680f659a1ae96d1d7670525305042	FOODON:03305103	OPEN_SOURCE_VERIFICATION	Raw source is Fastidiosipila sanguinis; the Bergey abstract confirms this medium label but does not specify manufacturer or ingredients. The ignored Edison report contains no answer. The four inferred components remain unverified against original source/product methods.	6029	https://doi.org/10.1002/9781118960608.gbm00675	
SEM:729a37e00fa2167464cc	component_source_scope	data/ingredients/mapped/GYPS.yaml	data/ingredients/mapped/GYPS.yaml	36840ca128760eb0ac542753d24d155fd1ebb6ccd8229be130953a0d01f2cf6e	MIM.assertion:72f64b413f0023d5888ae27fcabc776f488cd2e72deb2803c2ed277e1faa05f4	CHEBI:28017	CORRECTED	Exact raw source context is Caminicella sporogenes. Alain et al. 2002 p1622 (doi:10.1099/00207713-52-5-1621) defines glucose/yeast extract/peptone/sulfur medium; starch was incorrect. Four current parts are a partial recipe transcription, not a universal GYPS composition.	3351	https://doi.org/10.1002/9781118960608.gbm00618	applied-changes.json
SEM:7cb86e75df178a5e5f81	component_source_scope	data/ingredients/mapped/PYGS.yaml	data/ingredients/mapped/PYGS.yaml	b5d43cabed7ee976f44bb5bbc6a3f0ecc127c9bb6097c36c9b5e7ba433aa6f52	MIM.assertion:7d02e7d878b16fe16584c3ecdb877df5ba3a642fc3fffe45da5694c56b6fe7c0	MICRO:0000178	OPEN_SOURCE_VERIFICATION	Raw source is Clostridium frigidicarnis. Adam et al. 2011 (doi:10.1111/j.1472-765X.2011.03071.x) corroborates starch-containing PYGS for this species, but the originating Bergey/1999 recipe chain was not inspected; no automatic promotion from a later same-species recipe.	4105|4110|8884	https://doi.org/10.1002/9781118960608.gbm00619	
SEM:ee7eb036e32825ada78e	component_source_scope	data/ingredients/mapped/PYG-002_Tween_80.yaml	data/ingredients/mapped/PYG-002_Tween_80.yaml	39aa2fd4d32cd75ab37ad154727c197daa5303d9d40fb21771c7bad63e6e489f	MIM.assertion:818631ebdaa5e55174bbaade8cc1ff20fc04ea0e3d4c4a34ea31879702c6d3ec	FOODON:03315426	OPEN_SOURCE_VERIFICATION	Raw source is Holdemanella biformis. Source label supplies Tween concentration but does not independently identify the PY base formulation or prove all inferred component identities.	8051	https://doi.org/10.1002/9781118960608.gbm00629	
SEM:2727a56eabc39e4c1fa4	component_source_scope	data/ingredients/mapped/PYG-002_Tween_80.yaml	data/ingredients/mapped/PYG-002_Tween_80.yaml	39aa2fd4d32cd75ab37ad154727c197daa5303d9d40fb21771c7bad63e6e489f	MIM.assertion:825bbd38d4f19c6231083ca178f6e33e9a508b5ce789c47a3f98b4e0189dafa3	MICRO:0000178	OPEN_SOURCE_VERIFICATION	Raw source is Holdemanella biformis. Source label supplies Tween concentration but does not independently identify the PY base formulation or prove all inferred component identities.	8051	https://doi.org/10.1002/9781118960608.gbm00629	
SEM:11ab73ddc99dd155bb56	component_source_scope	data/ingredients/mapped/GYPS.yaml	data/ingredients/mapped/GYPS.yaml	36840ca128760eb0ac542753d24d155fd1ebb6ccd8229be130953a0d01f2cf6e	MIM.assertion:84519b795d111cb04e5a58b5be70c885e472f8dea43b3a2669162eef9265103f	FOODON:03315426	SOURCE_VERIFIED	Exact raw source context is Caminicella sporogenes. Alain et al. 2002 p1622 (doi:10.1099/00207713-52-5-1621) defines glucose/yeast extract/peptone/sulfur medium; starch was incorrect. Four current parts are a partial recipe transcription, not a universal GYPS composition.	3351	https://doi.org/10.1002/9781118960608.gbm00618	applied-changes.json
SEM:6f0c9d492dbd45eff5db	component_source_scope	data/ingredients/mapped/TYGVS_Glucose.yaml	data/ingredients/mapped/TYGVS_Glucose.yaml	0914aecb007a71a9f4e010c08b24d55c1b02b1b522c32a8c5384bc56d5959c6e	MIM.assertion:86b78e20020c39662b2975fee180a08ca73641172b30442c5577a9850f00650b	MIM.component:75521bbf446d0789af5ad90d14ecfcd35b11001f0f69fbe513afc8d4e717b0a3	OPEN_SOURCE_VERIFICATION	Raw source is Treponema medium. Later primary oral TYGVS protocols disagree in named peptone (Trypticase versus Tryptone); neither a different-species recipe nor a shared acronym establishes the original preparation. Adversarial review rejected a tentative promotion; all four original claims remain provisional pending the actual citation chain.	20378	https://doi.org/10.1002/9781118960608.gbm01249	applied-changes.json
SEM:034889eec28873f24171	component_source_scope	data/ingredients/mapped/PY-glucose-rumen_Fluid.yaml	data/ingredients/mapped/PY-glucose-rumen_Fluid.yaml	0d9423c4dde8bee8140bab7b0cc6b27bcfa2e2a1c7c617ff454df19fbc17f777	MIM.assertion:9cf1f094b8e0f6ac5fe65783b8331d6f494b68ec242cfa3940e5d335282ac435	MICRO:0000520	OPEN_SOURCE_VERIFICATION	Raw source is Treponema socranskii. The retained clarified-rumen-fluid identifier is more specific than the source label; the original preparation/clarification method and PY base still require verification.	20395	https://doi.org/10.1002/9781118960608.gbm01249	
SEM:73b0c34738f1e76ee9ad	component_source_scope	data/ingredients/mapped/PY-pectin.yaml	data/ingredients/mapped/PY-pectin.yaml	fe00f8b6439c9d1c86c68ce20efdf672115465cd58b2455edf4ddf30c1e4a6e6	MIM.assertion:a724b2280926cdda0a9c8f3a7e64f4392b47b0724926f093267a098ef5003805	MICRO:0000178	OPEN_SOURCE_VERIFICATION	Raw source is Treponema pectinovorum. ATCC1223 supports a pectin-containing recipe for that species but does not demonstrate that its branded polypeptone formula equals the original PY-pectin source; keep original-source review open.	20383	https://doi.org/10.1002/9781118960608.gbm01249	
SEM:c90dbfc1bb8a636cbbd1	component_source_scope	data/ingredients/mapped/Modified_Cooked_Meat_Medium.yaml	data/ingredients/mapped/Modified_Cooked_Meat_Medium.yaml	85ab9042f8e67c7ec43210a485b7a9f872d43fc769dc315887fd5d8c1cdacf97	MIM.assertion:a76f929f750eb6d00bd0d4cc00962dc25aef1815dc01dcba9c05c6b3d593c851	FOODON:03305103	OPEN_SOURCE_VERIFICATION	Raw source is Caproiciproducens galactitolivorans. The prior generic handbook interpretation does not identify its source-specific modified recipe or establish the exact meat preparation; source recipe remains required.	3435	https://doi.org/10.1002/9781118960608.gbm01731	
SEM:acd29a45fd528f13bd56	component_source_scope	data/ingredients/mapped/PY-glucose-rumen_Fluid.yaml	data/ingredients/mapped/PY-glucose-rumen_Fluid.yaml	0d9423c4dde8bee8140bab7b0cc6b27bcfa2e2a1c7c617ff454df19fbc17f777	MIM.assertion:a84957700c9197ee7d43d80926fba17dbbd8c21d054aeb2ba94c69b6abd6c0a9	FOODON:03315426	OPEN_SOURCE_VERIFICATION	Raw source is Treponema socranskii. The retained clarified-rumen-fluid identifier is more specific than the source label; the original preparation/clarification method and PY base still require verification.	20395	https://doi.org/10.1002/9781118960608.gbm01249	
SEM:e082de354467a9d57892	component_source_scope	data/ingredients/mapped/CMC_PY_Horse_Serum.yaml	data/ingredients/unmapped/CMC_PY_Horse_Serum.yaml	39e3ff65e31ecd99696afd0b2d3429fba96751361b019a92933e136372b74077	MIM.assertion:a898d77b07c7daf76f716091cc4a49c1f5a898c9a28b5701650d5f90d750c42a	FOODON:03315426	WITHDRAWN_FALSE_MIXTURE	Love et al. 1979 (doi:10.1099/00207713-29-3-241) describes separate cooked meat-carbohydrate and peptone-yeast cultures with horse serum. The source expression was incorrectly flattened into one mixture, and CMC wrongly expanded as carboxymethylcellulose. All four edges withdrawn; raw expression retained as AMBIGUOUS.	6109	https://doi.org/10.1002/9781118960608.gbm00667	applied-changes.json
SEM:bd092a1dc97dbe2d7627	component_source_scope	data/ingredients/mapped/PYG.yaml	data/ingredients/mapped/PYG.yaml	2560177ec64534d39f8b7a9a151bbddd08b70f1c34ce50d7cc6f603dd44ddb83	MIM.assertion:aa19cfc3c85a8742a6f189be5d6c1e1300fd99e772d77253905ded84b4b6b2a4	MICRO:0000178	OPEN_SOURCE_VERIFICATION	The 114 raw occurrences span multiple species and Bergey chapters. Generic PYG recipes corroborate a family but do not independently verify every source preparation; original chapter/recipe comparison remains open.	840|1397|1569|1587|1641|2734|4043|4060|4063|4065|4067|4070|4072|4073|4076|4078|4082|4085|4086|4088|4090|4114|4121|4123|4140|4146|4147|4149|4150|4154|4156|4158|4168|4171|4175|4176|4178|4183|4185|4193|4196|4206|4412|4413|4414|5742|5891|5893|5896|5897|5900|5901|5903|5905|5907|5909|5910|5911|5912|5913|5915|5916|5917|5987|5989|5998|6554|6756|7187|7543|7893|8852|8888|8889|8891|8893|12981|14283|14291|14292|14293|14295|14310|14867|14869|14870|14871|14872|14873|14874|14875|14876|14877|14878|14880|14884|14885|14915|14916|14927|14931|14935|14940|14946|14956|14966|14968|14969|15012|15751|16279|17346|19988|20356	https://doi.org/10.1002/9781118960608.gbm00167|https://doi.org/10.1002/9781118960608.gbm00246|https://doi.org/10.1002/9781118960608.gbm00249|https://doi.org/10.1002/9781118960608.gbm00619|https://doi.org/10.1002/9781118960608.gbm00629|https://doi.org/10.1002/9781118960608.gbm00631|https://doi.org/10.1002/9781118960608.gbm00642|https://doi.org/10.1002/9781118960608.gbm00668|https://doi.org/10.1002/9781118960608.gbm00705|https://doi.org/10.1002/9781118960608.gbm00712|https://doi.org/10.1002/9781118960608.gbm00717|https://doi.org/10.1002/9781118960608.gbm00755|https://doi.org/10.1002/9781118960608.gbm00768|https://doi.org/10.1002/9781118960608.gbm01083|https://doi.org/10.1002/9781118960608.gbm01536|https://doi.org/10.1002/9781118960608.gbm01632|https://doi.org/10.1002/9781118960608.gbm01634|https://doi.org/10.1002/9781118960608.gbm01733	
SEM:9f075631effcf8c12579	component_source_scope	data/ingredients/mapped/PYEG.yaml	data/ingredients/mapped/PYEG.yaml	59aa22d3f741cba3f712bb3294adc7abc1f1e6933dad74b9d79001299c88dd0a	MIM.assertion:aa7a1d60bae0087006a060ed42ae4467a9780bcb2b319dec77868ef911504bac	CHEBI:17234	OPEN_SOURCE_VERIFICATION	Raw source is Clostridium scindens. The prior literature report centers on Caulobacter and unrelated PYEG uses. Current culture-collection growth recipes cannot establish the original substrate preparation.	4180	https://doi.org/10.1002/9781118960608.gbm00619	
SEM:e9e2e166770525730b0c	component_source_scope	data/ingredients/mapped/PY-pectin.yaml	data/ingredients/mapped/PY-pectin.yaml	fe00f8b6439c9d1c86c68ce20efdf672115465cd58b2455edf4ddf30c1e4a6e6	MIM.assertion:b251c7fc4d7dcdbeb8ceb90e426e601e496fca4b3905836cf12f84453fe7d832	CHEBI:17309	OPEN_SOURCE_VERIFICATION	Raw source is Treponema pectinovorum. ATCC1223 supports a pectin-containing recipe for that species but does not demonstrate that its branded polypeptone formula equals the original PY-pectin source; keep original-source review open.	20383	https://doi.org/10.1002/9781118960608.gbm01249	
SEM:ef2f4b09031d5dcc6e85	component_source_scope	data/ingredients/mapped/PY-cellobiose.yaml	data/ingredients/mapped/PY-cellobiose.yaml	43affad15730fa118b5a490edeb105cc9ca4b3967851eede7a94addf4746683f	MIM.assertion:b6214b75d798ea125d49d7c382b742444aadf9eff5c91cd57a302945975c4e6d	CHEBI:17057	OPEN_SOURCE_VERIFICATION	Raw contexts are Clostridium polysaccharolyticum and Eubacterium siraeum. Named carbohydrate plausibility and generic PY expansion do not independently compare both original source preparations.	4163|5908	https://doi.org/10.1002/9781118960608.gbm00619|https://doi.org/10.1002/9781118960608.gbm00629	
SEM:ad9fd4c1ccd576bfe991	component_source_scope	data/ingredients/mapped/PYG_Rumen_Fluid.yaml	data/ingredients/mapped/PYG_Rumen_Fluid.yaml	833d1bf421b60fb474361c29a35f88d5702c790d5385221d6fa6757199801c01	MIM.assertion:b669cdd82153e54b5be9fd650e716be2d26b9decfe913e894c3900fe5d6da39b	MICRO:0000520	OPEN_SOURCE_VERIFICATION	Raw source is Eubacterium ruminantium. An unrelated 1993 experimental paper supports rumen-fluid-supplemented PYG for this species, but neither clarification nor the original source-specific recipe has been verified.	5906	https://doi.org/10.1002/9781118960608.gbm00629	
SEM:72f96bdc00b301481c5f	component_source_scope	data/ingredients/mapped/Fastidious_Anaerobe_Broth_With_Meat_Granules.yaml	data/ingredients/mapped/Fastidious_Anaerobe_Broth_With_Meat_Granules.yaml	aa56347529508fd0c082571cfd39540c6ac3205ba587c992594015c1e881c6a5	MIM.assertion:b7426417477cd179140850670d7a38331eee9f880e7738947eb36a425464254d	CHEBI:17234	OPEN_SOURCE_VERIFICATION	Raw source is Fastidiosipila sanguinis; the Bergey abstract confirms this medium label but does not specify manufacturer or ingredients. The ignored Edison report contains no answer. The four inferred components remain unverified against original source/product methods.	6029	https://doi.org/10.1002/9781118960608.gbm00675	
SEM:9885c46f9bdea8f68046	component_source_scope	data/ingredients/mapped/CMC_PY_Horse_Serum.yaml	data/ingredients/unmapped/CMC_PY_Horse_Serum.yaml	39e3ff65e31ecd99696afd0b2d3429fba96751361b019a92933e136372b74077	MIM.assertion:bbb5125587fc45cffadd696405762e0c2dfad93bfd57d56164b6924f6eb0f10b	CHEBI:85146	WITHDRAWN_FALSE_MIXTURE	Love et al. 1979 (doi:10.1099/00207713-29-3-241) describes separate cooked meat-carbohydrate and peptone-yeast cultures with horse serum. The source expression was incorrectly flattened into one mixture, and CMC wrongly expanded as carboxymethylcellulose. All four edges withdrawn; raw expression retained as AMBIGUOUS.	6109	https://doi.org/10.1002/9781118960608.gbm00667	applied-changes.json
SEM:a37958ac62d0b582c545	component_source_scope	data/ingredients/mapped/PY-cellobiose.yaml	data/ingredients/mapped/PY-cellobiose.yaml	43affad15730fa118b5a490edeb105cc9ca4b3967851eede7a94addf4746683f	MIM.assertion:bfe68ab1c8b4963716327220045a81950c0618b06c96c07eccef903ef2734925	MICRO:0000178	OPEN_SOURCE_VERIFICATION	Raw contexts are Clostridium polysaccharolyticum and Eubacterium siraeum. Named carbohydrate plausibility and generic PY expansion do not independently compare both original source preparations.	4163|5908	https://doi.org/10.1002/9781118960608.gbm00619|https://doi.org/10.1002/9781118960608.gbm00629	
SEM:1bdf40abc89d8724a79e	component_source_scope	data/ingredients/mapped/PYG_Rumen_Fluid.yaml	data/ingredients/mapped/PYG_Rumen_Fluid.yaml	833d1bf421b60fb474361c29a35f88d5702c790d5385221d6fa6757199801c01	MIM.assertion:c60809e252ca0c3ebfacc92025767dbfc94b23717414f11310c2ab05943ff4f7	MICRO:0000178	OPEN_SOURCE_VERIFICATION	Raw source is Eubacterium ruminantium. An unrelated 1993 experimental paper supports rumen-fluid-supplemented PYG for this species, but neither clarification nor the original source-specific recipe has been verified.	5906	https://doi.org/10.1002/9781118960608.gbm00629	
SEM:2e254ee4bffbc351d610	component_source_scope	data/ingredients/mapped/PY-maltose.yaml	data/ingredients/mapped/PY-maltose.yaml	2541f490f2d97f40eb21139dfd94373a90d419f91aaeabd111e8af711d7f44f0	MIM.assertion:ce39eb7633a3edf0f556939ef53699cebe320b591e7f0d300ea75217cbbd425f	CHEBI:17306	OPEN_SOURCE_VERIFICATION	Raw source is Clostridium leptum. The prior report explicitly required upstream context before accepting an example formulation; original source recipe remains uninspected.	4130	https://doi.org/10.1002/9781118960608.gbm00619	
SEM:daaee2adea08a4acf238	component_source_scope	data/ingredients/mapped/PYG.yaml	data/ingredients/mapped/PYG.yaml	2560177ec64534d39f8b7a9a151bbddd08b70f1c34ce50d7cc6f603dd44ddb83	MIM.assertion:d355adadf96b6288ce36974d79d816537ae9b9b05df9da518df6e6cbbe517286	FOODON:03315426	OPEN_SOURCE_VERIFICATION	The 114 raw occurrences span multiple species and Bergey chapters. Generic PYG recipes corroborate a family but do not independently verify every source preparation; original chapter/recipe comparison remains open.	840|1397|1569|1587|1641|2734|4043|4060|4063|4065|4067|4070|4072|4073|4076|4078|4082|4085|4086|4088|4090|4114|4121|4123|4140|4146|4147|4149|4150|4154|4156|4158|4168|4171|4175|4176|4178|4183|4185|4193|4196|4206|4412|4413|4414|5742|5891|5893|5896|5897|5900|5901|5903|5905|5907|5909|5910|5911|5912|5913|5915|5916|5917|5987|5989|5998|6554|6756|7187|7543|7893|8852|8888|8889|8891|8893|12981|14283|14291|14292|14293|14295|14310|14867|14869|14870|14871|14872|14873|14874|14875|14876|14877|14878|14880|14884|14885|14915|14916|14927|14931|14935|14940|14946|14956|14966|14968|14969|15012|15751|16279|17346|19988|20356	https://doi.org/10.1002/9781118960608.gbm00167|https://doi.org/10.1002/9781118960608.gbm00246|https://doi.org/10.1002/9781118960608.gbm00249|https://doi.org/10.1002/9781118960608.gbm00619|https://doi.org/10.1002/9781118960608.gbm00629|https://doi.org/10.1002/9781118960608.gbm00631|https://doi.org/10.1002/9781118960608.gbm00642|https://doi.org/10.1002/9781118960608.gbm00668|https://doi.org/10.1002/9781118960608.gbm00705|https://doi.org/10.1002/9781118960608.gbm00712|https://doi.org/10.1002/9781118960608.gbm00717|https://doi.org/10.1002/9781118960608.gbm00755|https://doi.org/10.1002/9781118960608.gbm00768|https://doi.org/10.1002/9781118960608.gbm01083|https://doi.org/10.1002/9781118960608.gbm01536|https://doi.org/10.1002/9781118960608.gbm01632|https://doi.org/10.1002/9781118960608.gbm01634|https://doi.org/10.1002/9781118960608.gbm01733	
SEM:bb91c23ac1b876d1ca4f	recipe_identity	data/ingredients/mapped/BHI.yaml	data/ingredients/mapped/BHI.yaml	8a92a45109104ea66b2df383dcb5b22a82683e29d201ba493125cf35e968ce0d	MIM.assertion:dae9c3d546d9bc2f9c809feebe26f12d55454a035c509581c1232ac3bae502da	CultureMech:015492	WITHDRAWN_EXACT_FORMULATION	Raw BHI belongs to Hespellia porcina; no formulation/quantity comparison with CultureBotHT/FEBA CultureMech:015492 is established. Link downgraded to CANDIDATE_UNVERIFIED; it is explicitly not a verified recipe relationship.	8022|8023	https://doi.org/10.1002/9781118960608.gbm00644	applied-changes.json
SEM:36c90d64bef99d0ad344	component_source_scope	data/ingredients/mapped/PY-glucose-rumen_Fluid.yaml	data/ingredients/mapped/PY-glucose-rumen_Fluid.yaml	0d9423c4dde8bee8140bab7b0cc6b27bcfa2e2a1c7c617ff454df19fbc17f777	MIM.assertion:e169e4058aa9df6ebae3d38e57f7e260c5431a37a05356bf0c1be52beedc8bef	MICRO:0000178	OPEN_SOURCE_VERIFICATION	Raw source is Treponema socranskii. The retained clarified-rumen-fluid identifier is more specific than the source label; the original preparation/clarification method and PY base still require verification.	20395	https://doi.org/10.1002/9781118960608.gbm01249	
SEM:79edd574c1b3e3b5cbd4	component_source_scope	data/ingredients/mapped/CMC_PY_Horse_Serum.yaml	data/ingredients/unmapped/CMC_PY_Horse_Serum.yaml	39e3ff65e31ecd99696afd0b2d3429fba96751361b019a92933e136372b74077	MIM.assertion:e4e01fee913b8008e2cb754566846c45a51e11425b73a3b14331bf7c448a18aa	MICRO:0001235	WITHDRAWN_FALSE_MIXTURE	Love et al. 1979 (doi:10.1099/00207713-29-3-241) describes separate cooked meat-carbohydrate and peptone-yeast cultures with horse serum. The source expression was incorrectly flattened into one mixture, and CMC wrongly expanded as carboxymethylcellulose. All four edges withdrawn; raw expression retained as AMBIGUOUS.	6109	https://doi.org/10.1002/9781118960608.gbm00667	applied-changes.json
SEM:bde0616e0417d37fdc20	component_source_scope	data/ingredients/mapped/PYG.yaml	data/ingredients/mapped/PYG.yaml	2560177ec64534d39f8b7a9a151bbddd08b70f1c34ce50d7cc6f603dd44ddb83	MIM.assertion:e5cf9cccb55065f0704d23038f0ffe71da08615401f01578de9f83be35efffb7	CHEBI:17234	OPEN_SOURCE_VERIFICATION	The 114 raw occurrences span multiple species and Bergey chapters. Generic PYG recipes corroborate a family but do not independently verify every source preparation; original chapter/recipe comparison remains open.	840|1397|1569|1587|1641|2734|4043|4060|4063|4065|4067|4070|4072|4073|4076|4078|4082|4085|4086|4088|4090|4114|4121|4123|4140|4146|4147|4149|4150|4154|4156|4158|4168|4171|4175|4176|4178|4183|4185|4193|4196|4206|4412|4413|4414|5742|5891|5893|5896|5897|5900|5901|5903|5905|5907|5909|5910|5911|5912|5913|5915|5916|5917|5987|5989|5998|6554|6756|7187|7543|7893|8852|8888|8889|8891|8893|12981|14283|14291|14292|14293|14295|14310|14867|14869|14870|14871|14872|14873|14874|14875|14876|14877|14878|14880|14884|14885|14915|14916|14927|14931|14935|14940|14946|14956|14966|14968|14969|15012|15751|16279|17346|19988|20356	https://doi.org/10.1002/9781118960608.gbm00167|https://doi.org/10.1002/9781118960608.gbm00246|https://doi.org/10.1002/9781118960608.gbm00249|https://doi.org/10.1002/9781118960608.gbm00619|https://doi.org/10.1002/9781118960608.gbm00629|https://doi.org/10.1002/9781118960608.gbm00631|https://doi.org/10.1002/9781118960608.gbm00642|https://doi.org/10.1002/9781118960608.gbm00668|https://doi.org/10.1002/9781118960608.gbm00705|https://doi.org/10.1002/9781118960608.gbm00712|https://doi.org/10.1002/9781118960608.gbm00717|https://doi.org/10.1002/9781118960608.gbm00755|https://doi.org/10.1002/9781118960608.gbm00768|https://doi.org/10.1002/9781118960608.gbm01083|https://doi.org/10.1002/9781118960608.gbm01536|https://doi.org/10.1002/9781118960608.gbm01632|https://doi.org/10.1002/9781118960608.gbm01634|https://doi.org/10.1002/9781118960608.gbm01733	
SEM:8b7b98ec6530aaa557d4	component_source_scope	data/ingredients/mapped/Fastidious_Anaerobe_Broth_With_Meat_Granules.yaml	data/ingredients/mapped/Fastidious_Anaerobe_Broth_With_Meat_Granules.yaml	aa56347529508fd0c082571cfd39540c6ac3205ba587c992594015c1e881c6a5	MIM.assertion:e7beec0be4f0500ee7ea5817697f26940dbcc39287da5ed6abf009e52dc4aa29	CHEBI:28017	OPEN_SOURCE_VERIFICATION	Raw source is Fastidiosipila sanguinis; the Bergey abstract confirms this medium label but does not specify manufacturer or ingredients. The ignored Edison report contains no answer. The four inferred components remain unverified against original source/product methods.	6029	https://doi.org/10.1002/9781118960608.gbm00675	
SEM:8abe61f817d4ff766b20	component_source_scope	data/ingredients/mapped/PYGS.yaml	data/ingredients/mapped/PYGS.yaml	b5d43cabed7ee976f44bb5bbc6a3f0ecc127c9bb6097c36c9b5e7ba433aa6f52	MIM.assertion:ec07c272947abaa73a3c585af7fa4c95af90dbc063e9f5b0e13f27457b07cca9	CHEBI:28017	OPEN_SOURCE_VERIFICATION	Raw source is Clostridium frigidicarnis. Adam et al. 2011 (doi:10.1111/j.1472-765X.2011.03071.x) corroborates starch-containing PYGS for this species, but the originating Bergey/1999 recipe chain was not inspected; no automatic promotion from a later same-species recipe.	4105|4110|8884	https://doi.org/10.1002/9781118960608.gbm00619	
SEM:1a6a77befba289728a02	component_source_scope	data/ingredients/mapped/PY-cellobiose.yaml	data/ingredients/mapped/PY-cellobiose.yaml	43affad15730fa118b5a490edeb105cc9ca4b3967851eede7a94addf4746683f	MIM.assertion:ec4147dc51c9455c8870bf56c4a708c6f2eb63edb23e48b5bd46ef0a4041991f	FOODON:03315426	OPEN_SOURCE_VERIFICATION	Raw contexts are Clostridium polysaccharolyticum and Eubacterium siraeum. Named carbohydrate plausibility and generic PY expansion do not independently compare both original source preparations.	4163|5908	https://doi.org/10.1002/9781118960608.gbm00619|https://doi.org/10.1002/9781118960608.gbm00629	
SEM:7b2344a4ae4d5d9b5a1b	component_source_scope	data/ingredients/mapped/PY-fructose.yaml	data/ingredients/mapped/PY-fructose.yaml	44809853b4659af251e0de30e48eb959d678de126e40dacebddc68bd0561d5e6	MIM.assertion:f326cff43aa4063575ceb6b59cdf857de9feb2d48810beff9e1cc034c8e567fe	CHEBI:28757	OPEN_SOURCE_VERIFICATION	Raw source is Clostridium formicaceticum. The prior report primarily relied on Pectinatus portalensis PYF; this different-organism recipe does not establish the original PY-fructose preparation.	4104	https://doi.org/10.1002/9781118960608.gbm00619	
SEM:36b4aac6cb7a8a5c88fc	ambiguous_abbreviation	data/ingredients/mapped/GYPS.yaml	data/ingredients/mapped/GYPS.yaml	36840ca128760eb0ac542753d24d155fd1ebb6ccd8229be130953a0d01f2cf6e	components		CORRECTED	Exact raw source context is Caminicella sporogenes. Alain et al. 2002 p1622 (doi:10.1099/00207713-52-5-1621) defines glucose/yeast extract/peptone/sulfur medium; starch was incorrect. Four current parts are a partial recipe transcription, not a universal GYPS composition.	3351	https://doi.org/10.1002/9781118960608.gbm00618	applied-changes.json
SEM:c79b63fe97bcfe167306	ambiguous_abbreviation	data/ingredients/mapped/PYGS.yaml	data/ingredients/mapped/PYGS.yaml	b5d43cabed7ee976f44bb5bbc6a3f0ecc127c9bb6097c36c9b5e7ba433aa6f52	components		OPEN_SOURCE_VERIFICATION	Raw source is Clostridium frigidicarnis. Adam et al. 2011 (doi:10.1111/j.1472-765X.2011.03071.x) corroborates starch-containing PYGS for this species, but the originating Bergey/1999 recipe chain was not inspected; no automatic promotion from a later same-species recipe.	4105|4110|8884	https://doi.org/10.1002/9781118960608.gbm00619	
