file	identifier	preferred_term	mapping_status	ontology_id	ontology_label	review_verdict	reviewer_notes
(-)-quinic_Acid.yaml	CHEBI:17521	(-)-quinic Acid	PENDING_REVIEW	CHEBI:17521	(-)-quinic acid	PENDING	
(R)-amygdalin.yaml	CHEBI:17019	(R)-amygdalin	PENDING_REVIEW	CHEBI:17019	(R)-amygdalin	PENDING	
(R)-lactate.yaml	CHEBI:16004	(R)-lactate	PENDING_REVIEW	CHEBI:16004	(R)-lactate	PENDING	
(R)-malic_Acid.yaml	CHEBI:30796	(R)-malic Acid	PENDING_REVIEW	CHEBI:30796	(R)-malic acid	PENDING	
(S)-azetidine-2-carboxylic_Acid.yaml	CHEBI:6198	(S)-azetidine-2-carboxylic Acid	PENDING_REVIEW	CHEBI:6198	(S)-azetidine-2-carboxylic acid	PENDING	
(S)-mandelic_Acid.yaml	CHEBI:32800	(S)-mandelic Acid	PENDING_REVIEW	CHEBI:32800	(S)-mandelic acid	PENDING	
1-methylphenanthrene.yaml	CHEBI:35860	1-methylphenanthrene	PENDING_REVIEW	CHEBI:35860	1-methylphenanthrene	PENDING	
2-aminopentanoic_Acid.yaml	CHEBI:19475	2-aminopentanoic Acid	PENDING_REVIEW	CHEBI:19475	2-aminopentanoic acid	PENDING	
2-dehydro-D-gluconate.yaml	CHEBI:16808	2-dehydro-D-gluconate	PENDING_REVIEW	CHEBI:16808	2-dehydro-D-gluconate	PENDING	
2-hydroxybutyrate.yaml	CHEBI:64552	2-hydroxybutyrate	PENDING_REVIEW	CHEBI:64552	2-hydroxybutyrate	PENDING	
2-naphthyl_Dihydrogen_Phosphate.yaml	CHEBI:91043	2-naphthyl Dihydrogen Phosphate	PENDING_REVIEW	CHEBI:91043	2-naphthyl dihydrogen phosphate	PENDING	
2-naphthyl_Tetradecanoate.yaml	CHEBI:90249	2-naphthyl Tetradecanoate	PENDING_REVIEW	CHEBI:90249	2-naphthyl tetradecanoate	PENDING	
2-oxobutanoate.yaml	CHEBI:16763	2-oxobutanoate	PENDING_REVIEW	CHEBI:16763	2-oxobutanoate	PENDING	
2-oxopentanoate.yaml	CHEBI:28644	2-oxopentanoate	PENDING_REVIEW	CHEBI:28644	2-oxopentanoate	PENDING	
3-aminobutyrate.yaml	CHEBI:87997	3-aminobutyrate	PENDING_REVIEW	CHEBI:87997	3-aminobutyrate	PENDING	
3-dehydro-D-gluconate.yaml	CHEBI:85256	3-dehydro-D-gluconate	PENDING_REVIEW	CHEBI:85256	3-dehydro-D-gluconate	PENDING	
3-hydroxybenzoate.yaml	CHEBI:16193	3-hydroxybenzoate	PENDING_REVIEW	CHEBI:16193	3-hydroxybenzoate	PENDING	
3-hydroxybutyrate.yaml	CHEBI:37054	3-hydroxybutyrate	PENDING_REVIEW	CHEBI:37054	3-hydroxybutyrate	PENDING	
3-nitropropanoate.yaml	CHEBI:59899	3-nitropropanoate	PENDING_REVIEW	CHEBI:59899	3-nitropropanoate	PENDING	
3-phenylpropionate.yaml	CHEBI:51057	3-phenylpropionate	PENDING_REVIEW	CHEBI:51057	3-phenylpropionate	PENDING	
3-trehalosamine.yaml	CHEBI:223561	3-trehalosamine	PENDING_REVIEW	CHEBI:223561	3-trehalosamine	PENDING	
4-coumarate.yaml	CHEBI:32373	4-coumarate	PENDING_REVIEW	CHEBI:32373	4-coumarate	PENDING	
4-hydroxy-L-proline.yaml	CHEBI:18240	4-hydroxy-L-proline	PENDING_REVIEW	CHEBI:18240	4-hydroxy-L-proline	PENDING	
4-hydroxybutyrate.yaml	CHEBI:16724	4-hydroxybutyrate	PENDING_REVIEW	CHEBI:16724	4-hydroxybutyrate	PENDING	
4-methylumbelliferone_Beta-d-glucuronide.yaml	CHEBI:1904	4-methylumbelliferone Beta-d-glucuronide	PENDING_REVIEW	CHEBI:1904	4-methylumbelliferone beta-D-glucuronide	PENDING	
4-nitrophenyl_6-O-phosphono-beta-D-galactoside.yaml	CHEBI:90128	4-nitrophenyl 6-O-phosphono-beta-D-galactoside	PENDING_REVIEW	CHEBI:90128	4-nitrophenyl 6-O-phosphono-beta-D-galactoside	PENDING	
4-nitrophenyl_Beta-D-glucuronide.yaml	CHEBI:90146	4-nitrophenyl Beta-D-glucuronide	PENDING_REVIEW	CHEBI:90146	4-nitrophenyl beta-D-glucuronide	PENDING	
4-nitrophenyl_N-acetyl-beta-D-glucosaminide.yaml	CHEBI:90343	4-nitrophenyl N-acetyl-beta-D-glucosaminide	PENDING_REVIEW	CHEBI:90343	4-nitrophenyl N-acetyl-beta-D-glucosaminide	PENDING	
4-nitrophenyl_Phosphate.yaml	CHEBI:17440	4-nitrophenyl Phosphate	PENDING_REVIEW	CHEBI:17440	4-nitrophenyl phosphate	PENDING	
4-oxopentanoate.yaml	CHEBI:39150	4-oxopentanoate	PENDING_REVIEW	CHEBI:39150	4-oxopentanoate	PENDING	
4h-pyran-4-one.yaml	CHEBI:37966	4h-pyran-4-one	PENDING_REVIEW	CHEBI:37966	4H-pyran-4-one	PENDING	
5-dehydro-D-gluconate.yaml	CHEBI:58143	5-dehydro-D-gluconate	PENDING_REVIEW	CHEBI:58143	5-dehydro-D-gluconate	PENDING	
5-oxoproline.yaml	CHEBI:16010	5-oxoproline	PENDING_REVIEW	CHEBI:16010	5-oxoproline	PENDING	
8-azaguanine.yaml	CHEBI:63486	8-azaguanine	PENDING_REVIEW	CHEBI:63486	8-azaguanine	PENDING	
Abikoviromycin.yaml	CHEBI:210557	Abikoviromycin	PENDING_REVIEW	CHEBI:210557	Abikoviromycin	PENDING	
Acetamide.yaml	CHEBI:27856	Acetamide	PENDING_REVIEW	CHEBI:27856	acetamide	PENDING	
Acetoacetate.yaml	CHEBI:13705	Acetoacetate	PENDING_REVIEW	CHEBI:13705	acetoacetate	PENDING	
Acetoin.yaml	CHEBI:15688	Acetoin	PENDING_REVIEW	CHEBI:15688	acetoin	PENDING	
Acetomycin.yaml	CHEBI:209246	Acetomycin	PENDING_REVIEW	CHEBI:209246	Acetomycin	PENDING	
Acetylene.yaml	CHEBI:27518	Acetylene	PENDING_REVIEW	CHEBI:27518	acetylene	PENDING	
Adenosine_5-monophosphate.yaml	CHEBI:16027	Adenosine 5'-monophosphate	PENDING_REVIEW	CHEBI:16027	adenosine 5'-monophosphate	PENDING	
Alazopeptin.yaml	CHEBI:222816	Alazopeptin	PENDING_REVIEW	CHEBI:222816	Alazopeptin	PENDING	
Alginate.yaml	CHEBI:58187	Alginate	PENDING_REVIEW	CHEBI:58187	alginate	PENDING	
Alpha-D-glucose_6-phosphate.yaml	CHEBI:17665	Alpha-D-glucose 6-phosphate	PENDING_REVIEW	CHEBI:17665	alpha-D-glucose 6-phosphate	PENDING	
Alpha-aminobutyrate.yaml	CHEBI:86508	Alpha-aminobutyrate	PENDING_REVIEW	CHEBI:86508	alpha-aminobutyrate	PENDING	
Althiomycin.yaml	CHEBI:157683	Althiomycin	PENDING_REVIEW	CHEBI:157683	althiomycin	PENDING	
Amicoumacin_B.yaml	CHEBI:216618	Amicoumacin B	PENDING_REVIEW	CHEBI:216618	Amicoumacin B	PENDING	
Amikacin.yaml	CHEBI:2637	Amikacin	PENDING_REVIEW	CHEBI:2637	amikacin	PENDING	
Amino_Acid.yaml	CHEBI:33709	Amino Acid	PENDING_REVIEW	CHEBI:33709	amino acid	PENDING	
Aminoglycoside_Antibiotic.yaml	CHEBI:22507	Aminoglycoside Antibiotic	PENDING_REVIEW	CHEBI:22507	aminoglycoside antibiotic	PENDING	
Aminophenazone.yaml	CHEBI:160246	Aminophenazone	PENDING_REVIEW	CHEBI:160246	aminophenazone	PENDING	
Ammonia.yaml	CHEBI:16134	Ammonia	PENDING_REVIEW	CHEBI:16134	ammonia	PENDING	
Ammonium.yaml	CHEBI:28938	Ammonium	PENDING_REVIEW	CHEBI:28938	ammonium	PENDING	
Amphomycin.yaml	CHEBI:201652	Amphomycin	PENDING_REVIEW	CHEBI:201652	Amphomycin	PENDING	
Amygdalin.yaml	CHEBI:27613	Amygdalin	PENDING_REVIEW	CHEBI:27613	amygdalin	PENDING	
Anthracene.yaml	CHEBI:35298	Anthracene	PENDING_REVIEW	CHEBI:35298	anthracene	PENDING	
Anthracycline_Antibiotic.yaml	CHEBI:49322	Anthracycline Antibiotic	PENDING_REVIEW	CHEBI:49322	anthracycline antibiotic	PENDING	
Antimycin_A3.yaml	CHEBI:197950	Antimycin A3	PENDING_REVIEW	CHEBI:197950	Antimycin A3	PENDING	
Aphidicolin.yaml	CHEBI:2766	Aphidicolin	PENDING_REVIEW	CHEBI:2766	aphidicolin	PENDING	
Apramycin.yaml	CHEBI:2790	Apramycin	PENDING_REVIEW	CHEBI:2790	apramycin	PENDING	
Arabinitol.yaml	CHEBI:22605	Arabinitol	PENDING_REVIEW	CHEBI:22605	arabinitol	PENDING	
Arbutin.yaml	NCIT:C87429	Arbutin	PENDING_REVIEW	NCIT:C87429	Arbutin	PENDING	
Ascomycin.yaml	CHEBI:29582	Ascomycin	PENDING_REVIEW	CHEBI:29582	ascomycin	PENDING	
Ascorbate.yaml	CHEBI:22651	Ascorbate	PENDING_REVIEW	CHEBI:22651	ascorbate	PENDING	
Aspartate.yaml	CHEBI:132943	Aspartate	PENDING_REVIEW	CHEBI:132943	aspartate	PENDING	
Astaxanthin.yaml	CHEBI:40968	Astaxanthin	PENDING_REVIEW	CHEBI:40968	astaxanthin	PENDING	
Astromicin.yaml	CHEBI:37923	Astromicin	PENDING_REVIEW	CHEBI:37923	astromicin	PENDING	
Aureothricin.yaml	CHEBI:156452	Aureothricin	PENDING_REVIEW	CHEBI:156452	aureothricin	PENDING	
Avermectin.yaml	CHEBI:50344	Avermectin	PENDING_REVIEW	CHEBI:50344	avermectin	PENDING	
Azaserine.yaml	CHEBI:74846	Azaserine	PENDING_REVIEW	CHEBI:74846	azaserine	PENDING	
Azelaate.yaml	CHEBI:132955	Azelaate	PENDING_REVIEW	CHEBI:132955	azelaate	PENDING	
Azithromycin.yaml	CHEBI:2955	Azithromycin	PENDING_REVIEW	CHEBI:2955	azithromycin	PENDING	
Bacteriochlorophyll_A.yaml	CHEBI:30033	Bacteriochlorophyll A	PENDING_REVIEW	CHEBI:30033	bacteriochlorophyll a	PENDING	
Balhimycin.yaml	CHEBI:47250	Balhimycin	PENDING_REVIEW	CHEBI:47250	balhimycin	PENDING	
Benzene.yaml	CHEBI:16716	Benzene	PENDING_REVIEW	CHEBI:16716	benzene	PENDING	
Benzoate.yaml	CHEBI:16150	Benzoate	PENDING_REVIEW	CHEBI:16150	benzoate	PENDING	
Benzoin.yaml	CHEBI:17682	Benzoin	PENDING_REVIEW	CHEBI:17682	benzoin	PENDING	
Benzyl_Alcohol.yaml	CHEBI:17987	Benzyl Alcohol	PENDING_REVIEW	CHEBI:17987	benzyl alcohol	PENDING	
Beta-D-fucose.yaml	CHEBI:27442	Beta-D-fucose	PENDING_REVIEW	CHEBI:27442	beta-D-fucose	PENDING	
Beta-D-galactoside.yaml	CHEBI:28034	Beta-D-galactoside	PENDING_REVIEW	CHEBI:28034	beta-D-galactoside	PENDING	
Beta-D-glucuronic_Acid.yaml	CHEBI:28860	Beta-D-glucuronic Acid	PENDING_REVIEW	CHEBI:28860	beta-D-glucuronic acid	PENDING	
Beta-D-xylose.yaml	CHEBI:28161	Beta-D-xylose	PENDING_REVIEW	CHEBI:28161	beta-D-xylose	PENDING	
Beta-d-glucose.yaml	CHEBI:15903	Beta-d-glucose	PENDING_REVIEW	CHEBI:15903	beta-D-glucose	PENDING	
Bile_Acid.yaml	CHEBI:3098	Bile Acid	PENDING_REVIEW	CHEBI:3098	bile acid	PENDING	
Biphenyl.yaml	CHEBI:17097	Biphenyl	PENDING_REVIEW	CHEBI:17097	biphenyl	PENDING	
Blasticidin_A.yaml	CHEBI:218571	Blasticidin A	PENDING_REVIEW	CHEBI:218571	Blasticidin A	PENDING	
Blasticidin_S.yaml	CHEBI:15353	Blasticidin S	PENDING_REVIEW	CHEBI:15353	blasticidin S	PENDING	
Bleomycin.yaml	CHEBI:22907	Bleomycin	PENDING_REVIEW	CHEBI:22907	bleomycin	PENDING	
Bluensomycin.yaml	CHEBI:81193	Bluensomycin	PENDING_REVIEW	CHEBI:81193	Bluensomycin	PENDING	
Borrelidin.yaml	CHEBI:78661	Borrelidin	PENDING_REVIEW	CHEBI:78661	borrelidin	PENDING	
Bromosuccinate.yaml	CHEBI:73706	Bromosuccinate	PENDING_REVIEW	CHEBI:73706	bromosuccinate	PENDING	
Butan-1-amine.yaml	CHEBI:43799	Butan-1-amine	PENDING_REVIEW	CHEBI:43799	butan-1-amine	PENDING	
Butyrate.yaml	CHEBI:17968	Butyrate	PENDING_REVIEW	CHEBI:17968	butyrate	PENDING	
Calcium(2).yaml	CHEBI:29108	Calcium(2+)	PENDING_REVIEW	CHEBI:29108	calcium(2+)	PENDING	
Capreomycin.yaml	CHEBI:3371	Capreomycin	PENDING_REVIEW	CHEBI:3371	capreomycin	PENDING	
Carbon_Monoxide.yaml	CHEBI:17245	Carbon Monoxide	PENDING_REVIEW	CHEBI:17245	carbon monoxide	PENDING	
Carminomycin.yaml	CHEBI:31359	Carminomycin	PENDING_REVIEW	CHEBI:31359	carminomycin	PENDING	
Carotenoid.yaml	CHEBI:23044	Carotenoid	PENDING_REVIEW	CHEBI:23044	carotenoid	PENDING	
Carrageenan.yaml	CHEBI:3435	Carrageenan	PENDING_REVIEW	CHEBI:3435	carrageenan	PENDING	
Cefadroxil.yaml	CHEBI:3479	Cefadroxil	PENDING_REVIEW	CHEBI:3479	cefadroxil	PENDING	
Cefaloridine.yaml	CHEBI:3537	Cefaloridine	PENDING_REVIEW	CHEBI:3537	cefaloridine	PENDING	
Cefalotin.yaml	CHEBI:124991	Cefalotin	PENDING_REVIEW	CHEBI:124991	cefalotin	PENDING	
Cefamandole.yaml	CHEBI:3480	Cefamandole	PENDING_REVIEW	CHEBI:3480	cefamandole	PENDING	
Cefminox.yaml	CHEBI:135817	Cefminox	PENDING_REVIEW	CHEBI:135817	cefminox	PENDING	
Cefoperazone.yaml	CHEBI:3493	Cefoperazone	PENDING_REVIEW	CHEBI:3493	cefoperazone	PENDING	
Cefotaxime.yaml	CHEBI:204928	Cefotaxime	PENDING_REVIEW	CHEBI:204928	cefotaxime	PENDING	
Cefotetan.yaml	CHEBI:3499	Cefotetan	PENDING_REVIEW	CHEBI:3499	cefotetan	PENDING	
Cefoxitin.yaml	CHEBI:209807	Cefoxitin	PENDING_REVIEW	CHEBI:209807	cefoxitin	PENDING	
Cefpodoxime.yaml	CHEBI:3504	Cefpodoxime	PENDING_REVIEW	CHEBI:3504	cefpodoxime	PENDING	
Cefprozil.yaml	CHEBI:3506	Cefprozil	PENDING_REVIEW	CHEBI:3506	cefprozil	PENDING	
Ceftazidime.yaml	CHEBI:3508	Ceftazidime	PENDING_REVIEW	CHEBI:3508	ceftazidime	PENDING	
Ceftriaxone.yaml	CHEBI:29007	Ceftriaxone	PENDING_REVIEW	CHEBI:29007	ceftriaxone	PENDING	
Cefuroxime.yaml	CHEBI:3515	Cefuroxime	PENDING_REVIEW	CHEBI:3515	cefuroxime	PENDING	
Cefuroxime_Sodium.yaml	CHEBI:3517	Cefuroxime Sodium	PENDING_REVIEW	CHEBI:3517	Cefuroxime sodium	PENDING	
Celesticetin.yaml	CHEBI:156421	Celesticetin	PENDING_REVIEW	CHEBI:156421	celesticetin	PENDING	
Cephalosporin.yaml	CHEBI:23066	Cephalosporin	PENDING_REVIEW	CHEBI:23066	cephalosporin	PENDING	
Cephalothin.yaml	NCIT:C62021	Cephalothin	PENDING_REVIEW	NCIT:C62021	Cephalothin	PENDING	
Chartreusin.yaml	CHEBI:3580	Chartreusin	PENDING_REVIEW	CHEBI:3580	Chartreusin	PENDING	
Chloridazon.yaml	CHEBI:81838	Chloridazon	PENDING_REVIEW	CHEBI:81838	chloridazon	PENDING	
Chlortetracycline.yaml	CHEBI:27644	Chlortetracycline	PENDING_REVIEW	CHEBI:27644	chlortetracycline	PENDING	
Cinerubin_R.yaml	CHEBI:214436	Cinerubin R	PENDING_REVIEW	CHEBI:214436	Cinerubin R	PENDING	
Cinnamycin.yaml	CHEBI:141991	Cinnamycin	PENDING_REVIEW	CHEBI:141991	cinnamycin	PENDING	
Cinoxacin.yaml	CHEBI:3716	Cinoxacin	PENDING_REVIEW	CHEBI:3716	cinoxacin	PENDING	
Ciprofloxacin.yaml	CHEBI:100241	Ciprofloxacin	PENDING_REVIEW	CHEBI:100241	ciprofloxacin	PENDING	
Clavulanic_Acid.yaml	CHEBI:48947	Clavulanic Acid	PENDING_REVIEW	CHEBI:48947	clavulanic acid	PENDING	
Clindamycin.yaml	CHEBI:3745	Clindamycin	PENDING_REVIEW	CHEBI:3745	clindamycin	PENDING	
Cloxacillin.yaml	CHEBI:49566	Cloxacillin	PENDING_REVIEW	CHEBI:49566	cloxacillin	PENDING	
Co-trimoxazole.yaml	CHEBI:3770	Co-trimoxazole	PENDING_REVIEW	CHEBI:3770	co-trimoxazole	PENDING	
Collagen.yaml	CHEBI:3815	Collagen	PENDING_REVIEW	CHEBI:3815	Collagen	PENDING	
Corn_Oil.yaml	CHEBI:195250	Corn Oil	PENDING_REVIEW	CHEBI:195250	corn oil	PENDING	
Coumarate.yaml	CHEBI:23399	Coumarate	PENDING_REVIEW	CHEBI:23399	coumarate	PENDING	
Crystalline_Cellulose.yaml	CHEBI:62968	Crystalline Cellulose	PENDING_REVIEW	CHEBI:62968	crystalline cellulose	PENDING	
Curamycin_A.yaml	CHEBI:71987	Curamycin A	PENDING_REVIEW	CHEBI:71987	curamycin A	PENDING	
Cyclodextrin.yaml	CHEBI:23456	Cyclodextrin	PENDING_REVIEW	CHEBI:23456	cyclodextrin	PENDING	
Cycloviracin_B1.yaml	CHEBI:200226	Cycloviracin B1	PENDING_REVIEW	CHEBI:200226	Cycloviracin B1	PENDING	
Cycloviracin_B2.yaml	CHEBI:202116	Cycloviracin B2	PENDING_REVIEW	CHEBI:202116	Cycloviracin B2	PENDING	
Cystine.yaml	CHEBI:17376	Cystine	PENDING_REVIEW	CHEBI:17376	cystine	PENDING	
Cytochrome.yaml	CHEBI:4056	Cytochrome	PENDING_REVIEW	CHEBI:4056	cytochrome	PENDING	
D-fucose.yaml	CHEBI:28847	D-fucose	PENDING_REVIEW	CHEBI:28847	D-fucose	PENDING	
D-galactonate.yaml	CHEBI:12931	D-galactonate	PENDING_REVIEW	CHEBI:12931	D-galactonate	PENDING	
D-gluconate.yaml	CHEBI:18391	D-gluconate	PENDING_REVIEW	CHEBI:18391	D-gluconate	PENDING	
D-glucosamine.yaml	CHEBI:17315	D-glucosamine	PENDING_REVIEW	CHEBI:17315	D-glucosamine	PENDING	
D-glucose_6-phosphate.yaml	CHEBI:14314	D-glucose 6-phosphate	PENDING_REVIEW	CHEBI:14314	D-glucose 6-phosphate	PENDING	
D-glucuronate.yaml	CHEBI:15748	D-glucuronate	PENDING_REVIEW	CHEBI:15748	D-glucuronate	PENDING	
D-histidine.yaml	CHEBI:27947	D-histidine	PENDING_REVIEW	CHEBI:27947	D-histidine	PENDING	
D-ornithine.yaml	CHEBI:16176	D-ornithine	PENDING_REVIEW	CHEBI:16176	D-ornithine	PENDING	
D-psicose.yaml	CHEBI:27605	D-psicose	PENDING_REVIEW	CHEBI:27605	D-psicose	PENDING	
D-rhamnose.yaml	CHEBI:63150	D-rhamnose	PENDING_REVIEW	CHEBI:63150	D-rhamnose	PENDING	
D-sorbose.yaml	CHEBI:17317	D-sorbose	PENDING_REVIEW	CHEBI:17317	D-sorbose	PENDING	
D-tagatose.yaml	CHEBI:16443	D-tagatose	PENDING_REVIEW	CHEBI:16443	D-tagatose	PENDING	
D-threonine.yaml	CHEBI:16398	D-threonine	PENDING_REVIEW	CHEBI:16398	D-threonine	PENDING	
D-valine.yaml	CHEBI:27477	D-valine	PENDING_REVIEW	CHEBI:27477	D-valine	PENDING	
Daunorubicin.yaml	CHEBI:41977	Daunorubicin	PENDING_REVIEW	CHEBI:41977	daunorubicin	PENDING	
Decanoate.yaml	CHEBI:27689	Decanoate	PENDING_REVIEW	CHEBI:27689	decanoate	PENDING	
Decoyinine.yaml	CHEBI:191094	Decoyinine	PENDING_REVIEW	CHEBI:191094	Decoyinine	PENDING	
Desferrioxamine.yaml	CHEBI:50453	Desferrioxamine	PENDING_REVIEW	CHEBI:50453	desferrioxamine	PENDING	
Digitonin.yaml	CHEBI:27729	Digitonin	PENDING_REVIEW	CHEBI:27729	digitonin	PENDING	
Dihydrostreptomycin.yaml	CHEBI:38291	Dihydrostreptomycin	PENDING_REVIEW	CHEBI:38291	dihydrostreptomycin	PENDING	
Dimethyl_Disulfide.yaml	CHEBI:4608	Dimethyl Disulfide	PENDING_REVIEW	CHEBI:4608	dimethyl disulfide	PENDING	
Dimethylamine.yaml	CHEBI:17170	Dimethylamine	PENDING_REVIEW	CHEBI:17170	dimethylamine	PENDING	
Dioxygen.yaml	CHEBI:15379	Dioxygen	PENDING_REVIEW	CHEBI:15379	dioxygen	PENDING	
Disodium_Malate.yaml	CHEBI:91260	Disodium Malate	PENDING_REVIEW	CHEBI:91260	disodium malate	PENDING	
Dl-alanine.yaml	NCIT:C61731	Dl-alanine	PENDING_REVIEW	NCIT:C61731	DL-Alanine	PENDING	
Docosane.yaml	CHEBI:46050	Docosane	PENDING_REVIEW	CHEBI:46050	docosane	PENDING	
Dodecanoate.yaml	CHEBI:18262	Dodecanoate	PENDING_REVIEW	CHEBI:18262	dodecanoate	PENDING	
Doripenem.yaml	CHEBI:135928	Doripenem	PENDING_REVIEW	CHEBI:135928	doripenem	PENDING	
Dotriacontane.yaml	CHEBI:36020	Dotriacontane	PENDING_REVIEW	CHEBI:36020	dotriacontane	PENDING	
Doxorubicin.yaml	CHEBI:28748	Doxorubicin	PENDING_REVIEW	CHEBI:28748	doxorubicin	PENDING	
Doxycycline.yaml	CHEBI:50845	Doxycycline	PENDING_REVIEW	CHEBI:50845	doxycycline	PENDING	
Enoxacin.yaml	CHEBI:157175	Enoxacin	PENDING_REVIEW	CHEBI:157175	enoxacin	PENDING	
Enrofloxacin.yaml	CHEBI:35720	Enrofloxacin	PENDING_REVIEW	CHEBI:35720	enrofloxacin	PENDING	
Erythromycin_A.yaml	CHEBI:42355	Erythromycin A	PENDING_REVIEW	CHEBI:42355	erythromycin A	PENDING	
Erythromycin_B.yaml	CHEBI:28196	Erythromycin B	PENDING_REVIEW	CHEBI:28196	erythromycin B	PENDING	
Erythrose.yaml	CHEBI:33946	Erythrose	PENDING_REVIEW	CHEBI:33946	erythrose	PENDING	
Exopolysaccharide.yaml	CHEBI:72813	Exopolysaccharide	PENDING_REVIEW	CHEBI:72813	exopolysaccharide	PENDING	
Fibrin.yaml	CHEBI:5054	Fibrin	PENDING_REVIEW	CHEBI:5054	Fibrin	PENDING	
Fidaxomicin.yaml	CHEBI:68590	Fidaxomicin	PENDING_REVIEW	CHEBI:68590	fidaxomicin	PENDING	
Fleroxacin.yaml	CHEBI:31810	Fleroxacin	PENDING_REVIEW	CHEBI:31810	fleroxacin	PENDING	
Fluorene.yaml	CHEBI:28266	Fluorene	PENDING_REVIEW	CHEBI:28266	fluorene	PENDING	
Fluorescein.yaml	NCIT:C61766	Fluorescein	PENDING_REVIEW	NCIT:C61766	Fluorescein	PENDING	
Formamicin.yaml	CHEBI:203275	Formamicin	PENDING_REVIEW	CHEBI:203275	Formamicin	PENDING	
Formate.yaml	CHEBI:15740	Formate	PENDING_REVIEW	CHEBI:15740	formate	PENDING	
Fortimicin_B.yaml	CHEBI:81284	Fortimicin B	PENDING_REVIEW	CHEBI:81284	Fortimicin B	PENDING	
Fosfomycin.yaml	CHEBI:28915	Fosfomycin	PENDING_REVIEW	CHEBI:28915	fosfomycin	PENDING	
Framycetin.yaml	CHEBI:7508	Framycetin	PENDING_REVIEW	CHEBI:7508	framycetin	PENDING	
Fucoidan.yaml	CHEBI:5181	Fucoidan	PENDING_REVIEW	CHEBI:5181	fucoidan	PENDING	
Fungichromin.yaml	CHEBI:31639	Fungichromin	PENDING_REVIEW	CHEBI:31639	Fungichromin	PENDING	
Furazolidone.yaml	CHEBI:5195	Furazolidone	PENDING_REVIEW	CHEBI:5195	furazolidone	PENDING	
Fusidate.yaml	CHEBI:71321	Fusidate	PENDING_REVIEW	CHEBI:71321	fusidate	PENDING	
Galactitol.yaml	CHEBI:16813	Galactitol	PENDING_REVIEW	CHEBI:16813	galactitol	PENDING	
Galactonate.yaml	CHEBI:24148	Galactonate	PENDING_REVIEW	CHEBI:24148	galactonate	PENDING	
Galacturonate.yaml	CHEBI:24175	Galacturonate	PENDING_REVIEW	CHEBI:24175	galacturonate	PENDING	
Gentamicin_C2b.yaml	CHEBI:81283	Gentamicin C2b	PENDING_REVIEW	CHEBI:81283	Gentamicin C2b	PENDING	
Gluconate.yaml	CHEBI:24265	Gluconate	PENDING_REVIEW	CHEBI:24265	gluconate	PENDING	
Glucosamine.yaml	CHEBI:5417	Glucosamine	PENDING_REVIEW	CHEBI:5417	glucosamine	PENDING	
Glucuronate.yaml	CHEBI:24297	Glucuronate	PENDING_REVIEW	CHEBI:24297	glucuronate	PENDING	
Glutarate.yaml	CHEBI:24329	Glutarate	PENDING_REVIEW	CHEBI:24329	glutarate	PENDING	
Glycerate.yaml	CHEBI:33871	Glycerate	PENDING_REVIEW	CHEBI:33871	glycerate	PENDING	
Glycolate.yaml	CHEBI:29805	Glycolate	PENDING_REVIEW	CHEBI:29805	glycolate	PENDING	
Glyoxylate.yaml	CHEBI:36655	Glyoxylate	PENDING_REVIEW	CHEBI:36655	glyoxylate	PENDING	
Gramicidin_S.yaml	CHEBI:5530	Gramicidin S	PENDING_REVIEW	CHEBI:5530	gramicidin S	PENDING	
Granaticin.yaml	CHEBI:5533	Granaticin	PENDING_REVIEW	CHEBI:5533	granaticin	PENDING	
Guanidinium_Chloride.yaml	CHEBI:32735	Guanidinium Chloride	PENDING_REVIEW	CHEBI:32735	guanidinium chloride	PENDING	
Henicosane.yaml	CHEBI:32931	Henicosane	PENDING_REVIEW	CHEBI:32931	henicosane	PENDING	
Hexadecanoate.yaml	CHEBI:7896	Hexadecanoate	PENDING_REVIEW	CHEBI:7896	hexadecanoate	PENDING	
Hexane.yaml	CHEBI:29021	Hexane	PENDING_REVIEW	CHEBI:29021	hexane	PENDING	
Hexanoate.yaml	CHEBI:17120	Hexanoate	PENDING_REVIEW	CHEBI:17120	hexanoate	PENDING	
Hopanoid.yaml	CHEBI:51963	Hopanoid	PENDING_REVIEW	CHEBI:51963	hopanoid	PENDING	
Hydroxyacetophenone.yaml	CHEBI:24668	Hydroxyacetophenone	PENDING_REVIEW	CHEBI:24668	hydroxyacetophenone	PENDING	
Hydroxyethylcellulose.yaml	CHEBI:85249	Hydroxyethylcellulose	PENDING_REVIEW	CHEBI:85249	hydroxyethylcellulose	PENDING	
Hygromycin.yaml	CHEBI:24753	Hygromycin	PENDING_REVIEW	CHEBI:24753	hygromycin	PENDING	
Hygromycin_A.yaml	CHEBI:69414	Hygromycin A	PENDING_REVIEW	CHEBI:69414	hygromycin A	PENDING	
Icosane.yaml	CHEBI:43619	Icosane	PENDING_REVIEW	CHEBI:43619	icosane	PENDING	
Indole-3-acetate.yaml	CHEBI:30854	Indole-3-acetate	PENDING_REVIEW	CHEBI:30854	indole-3-acetate	PENDING	
Indolmycin.yaml	CHEBI:79394	Indolmycin	PENDING_REVIEW	CHEBI:79394	indolmycin	PENDING	
Indoxyl_Acetate.yaml	CHEBI:169991	Indoxyl Acetate	PENDING_REVIEW	CHEBI:169991	Indoxyl acetate	PENDING	
Iodide.yaml	CHEBI:16382	Iodide	PENDING_REVIEW	CHEBI:16382	iodide	PENDING	
Isepamicin.yaml	CHEBI:37951	Isepamicin	PENDING_REVIEW	CHEBI:37951	isepamicin	PENDING	
Isobutyrate.yaml	CHEBI:48944	Isobutyrate	PENDING_REVIEW	CHEBI:48944	isobutyrate	PENDING	
Isocaproate.yaml	CHEBI:74904	Isocaproate	PENDING_REVIEW	CHEBI:74904	isocaproate	PENDING	
Isoorientin.yaml	CHEBI:17965	Isoorientin	PENDING_REVIEW	CHEBI:17965	isoorientin	PENDING	
Isovalerate.yaml	CHEBI:48942	Isovalerate	PENDING_REVIEW	CHEBI:48942	isovalerate	PENDING	
Isovitexin.yaml	CHEBI:18330	Isovitexin	PENDING_REVIEW	CHEBI:18330	isovitexin	PENDING	
Kasugamycin.yaml	CHEBI:81419	Kasugamycin	PENDING_REVIEW	CHEBI:81419	kasugamycin	PENDING	
L-alaninamide.yaml	CHEBI:21217	L-alaninamide	PENDING_REVIEW	CHEBI:21217	L-alaninamide	PENDING	
L-fructose.yaml	CHEBI:28120	L-fructose	PENDING_REVIEW	CHEBI:28120	L-fructose	PENDING	
L-galactonate.yaml	CHEBI:53071	L-galactonate	PENDING_REVIEW	CHEBI:53071	L-galactonate	PENDING	
L-histidine_2-naphthylamide.yaml	CHEBI:90447	L-histidine 2-naphthylamide	PENDING_REVIEW	CHEBI:90447	L-histidine 2-naphthylamide	PENDING	
L-leucylglycine_2-naphthylamide.yaml	CHEBI:90741	L-leucylglycine 2-naphthylamide	PENDING_REVIEW	CHEBI:90741	L-leucylglycine 2-naphthylamide	PENDING	
L-lyxose.yaml	CHEBI:62320	L-lyxose	PENDING_REVIEW	CHEBI:62320	L-lyxose	PENDING	
L-norleucine.yaml	CHEBI:18347	L-norleucine	PENDING_REVIEW	CHEBI:18347	L-norleucine	PENDING	
L-proline_2-naphthylamide.yaml	CHEBI:90600	L-proline 2-naphthylamide	PENDING_REVIEW	CHEBI:90600	L-proline 2-naphthylamide	PENDING	
L-serine_2-naphthylamide.yaml	CHEBI:90603	L-serine 2-naphthylamide	PENDING_REVIEW	CHEBI:90603	L-serine 2-naphthylamide	PENDING	
L-tyrosine_2-naphthylamide.yaml	CHEBI:90607	L-tyrosine 2-naphthylamide	PENDING_REVIEW	CHEBI:90607	L-tyrosine 2-naphthylamide	PENDING	
Lactone.yaml	CHEBI:25000	Lactone	PENDING_REVIEW	CHEBI:25000	lactone	PENDING	
Lecithin.yaml	CHEBI:61995	Lecithin	PENDING_REVIEW	CHEBI:61995	lecithin	PENDING	
Leupeptin.yaml	CHEBI:6426	Leupeptin	PENDING_REVIEW	CHEBI:6426	leupeptin	PENDING	
Lignin.yaml	CHEBI:6457	Lignin	PENDING_REVIEW	CHEBI:6457	lignin	PENDING	
Lincomycin.yaml	CHEBI:6472	Lincomycin	PENDING_REVIEW	CHEBI:6472	lincomycin	PENDING	
Lomefloxacin.yaml	CHEBI:116278	Lomefloxacin	PENDING_REVIEW	CHEBI:116278	lomefloxacin	PENDING	
Lomofungin.yaml	CHEBI:224243	Lomofungin	PENDING_REVIEW	CHEBI:224243	Lomofungin	PENDING	
Lucimycin.yaml	CHEBI:135874	Lucimycin	PENDING_REVIEW	CHEBI:135874	lucimycin	PENDING	
Lysine.yaml	CHEBI:25094	Lysine	PENDING_REVIEW	CHEBI:25094	lysine	PENDING	
Lysocellin.yaml	CHEBI:212437	Lysocellin	PENDING_REVIEW	CHEBI:212437	Lysocellin	PENDING	
Macrolide_Antibiotic.yaml	CHEBI:25105	Macrolide Antibiotic	PENDING_REVIEW	CHEBI:25105	macrolide antibiotic	PENDING	
Magnesium(2).yaml	CHEBI:18420	Magnesium(2+)	PENDING_REVIEW	CHEBI:18420	magnesium(2+)	PENDING	
Malonamide.yaml	CHEBI:48537	Malonamide	PENDING_REVIEW	CHEBI:48537	malonamide	PENDING	
Maltotriose.yaml	CHEBI:61993	Maltotriose	PENDING_REVIEW	CHEBI:61993	maltotriose	PENDING	
Manganese.yaml	NCIT:C624	Manganese	PENDING_REVIEW	NCIT:C624	Manganese	PENDING	
Mannose.yaml	CHEBI:37684	Mannose	PENDING_REVIEW	CHEBI:37684	mannose	PENDING	
Marinostatin.yaml	CHEBI:221095	Marinostatin	PENDING_REVIEW	CHEBI:221095	Marinostatin	PENDING	
Melanin.yaml	CHEBI:89634	Melanin	PENDING_REVIEW	CHEBI:89634	Melanin	PENDING	
Melezitose.yaml	CHEBI:6731	Melezitose	PENDING_REVIEW	CHEBI:6731	melezitose	PENDING	
Menaquinone.yaml	CHEBI:16374	Menaquinone	PENDING_REVIEW	CHEBI:16374	menaquinone	PENDING	
Methacycline.yaml	CHEBI:6805	Methacycline	PENDING_REVIEW	CHEBI:6805	methacycline	PENDING	
Methicillin.yaml	CHEBI:6827	Methicillin	PENDING_REVIEW	CHEBI:6827	methicillin	PENDING	
Methyl_(R)-lactate.yaml	CHEBI:74611	Methyl (R)-lactate	PENDING_REVIEW	CHEBI:74611	methyl (R)-lactate	PENDING	
Methyl_Alpha-D-mannoside.yaml	CHEBI:43943	Methyl Alpha-D-mannoside	PENDING_REVIEW	CHEBI:43943	methyl alpha-D-mannoside	PENDING	
Methyl_Beta-D-xylopyranoside.yaml	CHEBI:74863	Methyl Beta-D-xylopyranoside	PENDING_REVIEW	CHEBI:74863	methyl beta-D-xylopyranoside	PENDING	
Methyl_D-glucoside.yaml	CHEBI:37657	Methyl D-glucoside	PENDING_REVIEW	CHEBI:37657	methyl D-glucoside	PENDING	
Methyl_Pyruvate.yaml	CHEBI:51850	Methyl Pyruvate	PENDING_REVIEW	CHEBI:51850	methyl pyruvate	PENDING	
Mezlocillin.yaml	CHEBI:6919	Mezlocillin	PENDING_REVIEW	CHEBI:6919	mezlocillin	PENDING	
Midecamycin.yaml	CHEBI:31845	Midecamycin	PENDING_REVIEW	CHEBI:31845	Midecamycin	PENDING	
Minocycline.yaml	CHEBI:50694	Minocycline	PENDING_REVIEW	CHEBI:50694	minocycline	PENDING	
Monomethyl_Succinate.yaml	CHEBI:75146	Monomethyl Succinate	PENDING_REVIEW	CHEBI:75146	monomethyl succinate	PENDING	
Mucin.yaml	NCIT:C16883	Mucin	PENDING_REVIEW	NCIT:C16883	Mucin	PENDING	
N-acetyl-beta-D-mannosamine.yaml	CHEBI:63154	N-acetyl-beta-D-mannosamine	PENDING_REVIEW	CHEBI:63154	N-acetyl-beta-D-mannosamine	PENDING	
N-acetylgalactosamine.yaml	CHEBI:28800	N-acetylgalactosamine	PENDING_REVIEW	CHEBI:28800	N-acetylgalactosamine	PENDING	
N-acetylneuraminate.yaml	CHEBI:35418	N-acetylneuraminate	PENDING_REVIEW	CHEBI:35418	N-acetylneuraminate	PENDING	
N-acetyltyramine.yaml	CHEBI:125610	N-acetyltyramine	PENDING_REVIEW	CHEBI:125610	N-acetyltyramine	PENDING	
Narbomycin.yaml	CHEBI:29649	Narbomycin	PENDING_REVIEW	CHEBI:29649	narbomycin	PENDING	
Natamycin.yaml	CHEBI:7488	Natamycin	PENDING_REVIEW	CHEBI:7488	natamycin	PENDING	
Neoantimycin.yaml	CHEBI:215310	Neoantimycin	PENDING_REVIEW	CHEBI:215310	Neoantimycin	PENDING	
Netilmycin.yaml	CHEBI:7528	Netilmycin	PENDING_REVIEW	CHEBI:7528	netilmycin	PENDING	
Niddamycin.yaml	CHEBI:31908	Niddamycin	PENDING_REVIEW	CHEBI:31908	Niddamycin	PENDING	
Nitrate.yaml	CHEBI:17632	Nitrate	PENDING_REVIEW	CHEBI:17632	nitrate	PENDING	
Nitrite.yaml	CHEBI:16301	Nitrite	PENDING_REVIEW	CHEBI:16301	nitrite	PENDING	
Nocardimicin_G.yaml	CHEBI:202593	Nocardimicin G	PENDING_REVIEW	CHEBI:202593	Nocardimicin G	PENDING	
Nocardimicin_H.yaml	CHEBI:213460	Nocardimicin H	PENDING_REVIEW	CHEBI:213460	Nocardimicin H	PENDING	
Nocardimicin_I.yaml	CHEBI:203663	Nocardimicin I	PENDING_REVIEW	CHEBI:203663	Nocardimicin I	PENDING	
Nogalamycin.yaml	CHEBI:44504	Nogalamycin	PENDING_REVIEW	CHEBI:44504	nogalamycin	PENDING	
Nojirimycin.yaml	CHEBI:28945	Nojirimycin	PENDING_REVIEW	CHEBI:28945	nojirimycin	PENDING	
Novobiocin.yaml	CHEBI:28368	Novobiocin	PENDING_REVIEW	CHEBI:28368	novobiocin	PENDING	
Nucleocidin.yaml	CHEBI:166872	Nucleocidin	PENDING_REVIEW	CHEBI:166872	nucleocidin	PENDING	
Nystatin.yaml	CHEBI:7660	Nystatin	PENDING_REVIEW	CHEBI:7660	nystatin	PENDING	
Oleandomycin.yaml	CHEBI:16869	Oleandomycin	PENDING_REVIEW	CHEBI:16869	oleandomycin	PENDING	
Optochin.yaml	CHEBI:86455	Optochin	PENDING_REVIEW	CHEBI:86455	optochin	PENDING	
Ornithine.yaml	CHEBI:18257	Ornithine	PENDING_REVIEW	CHEBI:18257	ornithine	PENDING	
Ossamycin.yaml	CHEBI:77735	Ossamycin	PENDING_REVIEW	CHEBI:77735	ossamycin	PENDING	
Oxacillin.yaml	CHEBI:7809	Oxacillin	PENDING_REVIEW	CHEBI:7809	oxacillin	PENDING	
Oxalate.yaml	CHEBI:132952	Oxalate	PENDING_REVIEW	CHEBI:132952	oxalate	PENDING	
Oxamicetin.yaml	CHEBI:220394	Oxamicetin	PENDING_REVIEW	CHEBI:220394	Oxamicetin	PENDING	
Oxolinate.yaml	CHEBI:59066	Oxolinate	PENDING_REVIEW	CHEBI:59066	oxolinate	PENDING	
Oxytetracycline.yaml	CHEBI:27701	Oxytetracycline	PENDING_REVIEW	CHEBI:27701	oxytetracycline	PENDING	
Paromomycin.yaml	CHEBI:7934	Paromomycin	PENDING_REVIEW	CHEBI:7934	paromomycin	PENDING	
Pefloxacin.yaml	CHEBI:50199	Pefloxacin	PENDING_REVIEW	CHEBI:50199	pefloxacin	PENDING	
Phenanthrene.yaml	CHEBI:28851	Phenanthrene	PENDING_REVIEW	CHEBI:28851	phenanthrene	PENDING	
Phenoxymethylpenicillin.yaml	CHEBI:27446	Phenoxymethylpenicillin	PENDING_REVIEW	CHEBI:27446	phenoxymethylpenicillin	PENDING	
Phenylacetate.yaml	CHEBI:18401	Phenylacetate	PENDING_REVIEW	CHEBI:18401	phenylacetate	PENDING	
Phenylethylamine.yaml	CHEBI:50048	Phenylethylamine	PENDING_REVIEW	CHEBI:50048	phenylethylamine	PENDING	
Phosphocholine.yaml	CHEBI:18132	Phosphocholine	PENDING_REVIEW	CHEBI:18132	phosphocholine	PENDING	
Piperacillin.yaml	CHEBI:8232	Piperacillin	PENDING_REVIEW	CHEBI:8232	piperacillin	PENDING	
Polychlorobiphenyl.yaml	CHEBI:53156	Polychlorobiphenyl	PENDING_REVIEW	CHEBI:53156	polychlorobiphenyl	PENDING	
Polymyxin.yaml	CHEBI:59062	Polymyxin	PENDING_REVIEW	CHEBI:59062	polymyxin	PENDING	
Porfiromycin.yaml	CHEBI:208611	Porfiromycin	PENDING_REVIEW	CHEBI:208611	Porfiromycin	PENDING	
Porphyrin.yaml	CHEBI:8337	Porphyrin	PENDING_REVIEW	CHEBI:8337	porphyrin	PENDING	
Potassium.yaml	NCIT:C765	Potassium	PENDING_REVIEW	NCIT:C765	Potassium	PENDING	
Potassium_Gluconate.yaml	CHEBI:32032	Potassium Gluconate	PENDING_REVIEW	CHEBI:32032	Potassium gluconate	PENDING	
Pradimicin.yaml	CHEBI:83230	Pradimicin	PENDING_REVIEW	CHEBI:83230	pradimicin	PENDING	
Pravastatin.yaml	CHEBI:63618	Pravastatin	PENDING_REVIEW	CHEBI:63618	pravastatin	PENDING	
Pristinamycin.yaml	CHEBI:85274	Pristinamycin	PENDING_REVIEW	CHEBI:85274	pristinamycin	PENDING	
Propionamide.yaml	CHEBI:45422	Propionamide	PENDING_REVIEW	CHEBI:45422	propionamide	PENDING	
Propionate.yaml	CHEBI:17272	Propionate	PENDING_REVIEW	CHEBI:17272	propionate	PENDING	
Purines.yaml	CHEBI:26401	Purines	PENDING_REVIEW	CHEBI:26401	purines	PENDING	
Puromycin.yaml	CHEBI:17939	Puromycin	PENDING_REVIEW	CHEBI:17939	puromycin	PENDING	
Pyrene.yaml	CHEBI:39106	Pyrene	PENDING_REVIEW	CHEBI:39106	pyrene	PENDING	
Pyridomycin.yaml	CHEBI:221765	Pyridomycin	PENDING_REVIEW	CHEBI:221765	Pyridomycin	PENDING	
Pyrrolomycin_A.yaml	CHEBI:156550	Pyrrolomycin A	PENDING_REVIEW	CHEBI:156550	pyrrolomycin A	PENDING	
Pyrrolomycin_B.yaml	CHEBI:220052	Pyrrolomycin B	PENDING_REVIEW	CHEBI:220052	Pyrrolomycin B	PENDING	
Quinate.yaml	CHEBI:26490	Quinate	PENDING_REVIEW	CHEBI:26490	quinate	PENDING	
Resistomycin.yaml	CHEBI:29671	Resistomycin	PENDING_REVIEW	CHEBI:29671	Resistomycin	PENDING	
Rhamnose.yaml	CHEBI:26546	Rhamnose	PENDING_REVIEW	CHEBI:26546	rhamnose	PENDING	
Ribitol.yaml	CHEBI:15963	Ribitol	PENDING_REVIEW	CHEBI:15963	ribitol	PENDING	
Rifabutin.yaml	CHEBI:45367	Rifabutin	PENDING_REVIEW	CHEBI:45367	rifabutin	PENDING	
Rifamycin.yaml	NCIT:C29406	Rifamycin	PENDING_REVIEW	NCIT:C29406	Rifamycin	PENDING	
Rifamycin_B.yaml	CHEBI:17876	Rifamycin B	PENDING_REVIEW	CHEBI:17876	rifamycin B	PENDING	
Rifamycin_O.yaml	CHEBI:16324	Rifamycin O	PENDING_REVIEW	CHEBI:16324	rifamycin O	PENDING	
Rifamycin_S.yaml	CHEBI:34948	Rifamycin S	PENDING_REVIEW	CHEBI:34948	Rifamycin S	PENDING	
Rifamycin_Sv.yaml	CHEBI:29673	Rifamycin Sv	PENDING_REVIEW	CHEBI:29673	rifamycin SV	PENDING	
Rosaramicin.yaml	CHEBI:87084	Rosaramicin	PENDING_REVIEW	CHEBI:87084	rosaramicin	PENDING	
Roxithromycin.yaml	CHEBI:48844	Roxithromycin	PENDING_REVIEW	CHEBI:48844	roxithromycin	PENDING	
Rubrolone.yaml	CHEBI:140148	Rubrolone	PENDING_REVIEW	CHEBI:140148	rubrolone	PENDING	
Salicin.yaml	CHEBI:17814	Salicin	PENDING_REVIEW	CHEBI:17814	salicin	PENDING	
Salinomycin.yaml	CHEBI:80025	Salinomycin	PENDING_REVIEW	CHEBI:80025	Salinomycin	PENDING	
Sandramycin.yaml	CHEBI:221703	Sandramycin	PENDING_REVIEW	CHEBI:221703	Sandramycin	PENDING	
Selenate.yaml	CHEBI:15075	Selenate	PENDING_REVIEW	CHEBI:15075	selenate	PENDING	
Serine.yaml	CHEBI:17822	Serine	PENDING_REVIEW	CHEBI:17822	serine	PENDING	
Showdomycin.yaml	CHEBI:226519	Showdomycin	PENDING_REVIEW	CHEBI:226519	Showdomycin	PENDING	
Sodium_Malonate.yaml	CHEBI:62983	Sodium Malonate	PENDING_REVIEW	CHEBI:62983	sodium malonate	PENDING	
Sorbose.yaml	CHEBI:27922	Sorbose	PENDING_REVIEW	CHEBI:27922	sorbose	PENDING	
Spectinomycin.yaml	CHEBI:9215	Spectinomycin	PENDING_REVIEW	CHEBI:9215	spectinomycin	PENDING	
Spinosyn.yaml	CHEBI:39207	Spinosyn	PENDING_REVIEW	CHEBI:39207	spinosyn	PENDING	
Spiramycin_II.yaml	CHEBI:31168	Spiramycin II	PENDING_REVIEW	CHEBI:31168	spiramycin II	PENDING	
Staurosporine.yaml	CHEBI:15738	Staurosporine	PENDING_REVIEW	CHEBI:15738	staurosporine	PENDING	
Sterol.yaml	CHEBI:15889	Sterol	PENDING_REVIEW	CHEBI:15889	sterol	PENDING	
Streptolydigin.yaml	CHEBI:45773	Streptolydigin	PENDING_REVIEW	CHEBI:45773	streptolydigin	PENDING	
Streptomycin.yaml	CHEBI:17076	Streptomycin	PENDING_REVIEW	CHEBI:17076	streptomycin	PENDING	
Streptovaricin.yaml	CHEBI:26790	Streptovaricin	PENDING_REVIEW	CHEBI:26790	streptovaricin	PENDING	
Succinamate.yaml	CHEBI:143136	Succinamate	PENDING_REVIEW	CHEBI:143136	succinamate	PENDING	
Sulbactam.yaml	CHEBI:9321	Sulbactam	PENDING_REVIEW	CHEBI:9321	sulbactam	PENDING	
Sulfadimethoxine.yaml	CHEBI:32161	Sulfadimethoxine	PENDING_REVIEW	CHEBI:32161	sulfadimethoxine	PENDING	
Sulfamerazine.yaml	CHEBI:102130	Sulfamerazine	PENDING_REVIEW	CHEBI:102130	sulfamerazine	PENDING	
Sulfamethoxydiazine.yaml	CHEBI:53727	Sulfamethoxydiazine	PENDING_REVIEW	CHEBI:53727	sulfamethoxydiazine	PENDING	
Sulfate.yaml	CHEBI:16189	Sulfate	PENDING_REVIEW	CHEBI:16189	sulfate	PENDING	
Sulfide.yaml	CHEBI:26822	Sulfide	PENDING_REVIEW	CHEBI:26822	sulfide	PENDING	
Sulfisoxazole.yaml	CHEBI:102484	Sulfisoxazole	PENDING_REVIEW	CHEBI:102484	sulfisoxazole	PENDING	
Sulfite.yaml	CHEBI:17359	Sulfite	PENDING_REVIEW	CHEBI:17359	sulfite	PENDING	
Sulfonamide.yaml	CHEBI:35358	Sulfonamide	PENDING_REVIEW	CHEBI:35358	sulfonamide	PENDING	
Tagatose.yaml	CHEBI:33954	Tagatose	PENDING_REVIEW	CHEBI:33954	tagatose	PENDING	
Tartrate.yaml	CHEBI:132950	Tartrate	PENDING_REVIEW	CHEBI:132950	tartrate	PENDING	
Taurocholate.yaml	CHEBI:36257	Taurocholate	PENDING_REVIEW	CHEBI:36257	taurocholate	PENDING	
Tazobactam.yaml	CHEBI:9421	Tazobactam	PENDING_REVIEW	CHEBI:9421	tazobactam	PENDING	
Teicoplanin.yaml	CHEBI:29687	Teicoplanin	PENDING_REVIEW	CHEBI:29687	teicoplanin	PENDING	
Tellurite.yaml	CHEBI:30477	Tellurite	PENDING_REVIEW	CHEBI:30477	tellurite	PENDING	
Tetraphene.yaml	CHEBI:51348	Tetraphene	PENDING_REVIEW	CHEBI:51348	tetraphene	PENDING	
Tetrazolium_Blue.yaml	CHEBI:75198	Tetrazolium Blue	PENDING_REVIEW	CHEBI:75198	tetrazolium blue	PENDING	
Tetrodotoxin.yaml	CHEBI:9506	Tetrodotoxin	PENDING_REVIEW	CHEBI:9506	tetrodotoxin	PENDING	
Texazone.yaml	CHEBI:197442	Texazone	PENDING_REVIEW	CHEBI:197442	texazone	PENDING	
Thiolutin.yaml	CHEBI:156450	Thiolutin	PENDING_REVIEW	CHEBI:156450	thiolutin	PENDING	
Thiostrepton.yaml	CHEBI:29693	Thiostrepton	PENDING_REVIEW	CHEBI:29693	thiostrepton	PENDING	
Threonine.yaml	CHEBI:26986	Threonine	PENDING_REVIEW	CHEBI:26986	threonine	PENDING	
Ticarcillin.yaml	CHEBI:9587	Ticarcillin	PENDING_REVIEW	CHEBI:9587	ticarcillin	PENDING	
Tigecycline.yaml	CHEBI:149836	Tigecycline	PENDING_REVIEW	CHEBI:149836	tigecycline	PENDING	
Tobramycin.yaml	CHEBI:28864	Tobramycin	PENDING_REVIEW	CHEBI:28864	tobramycin	PENDING	
Toyocamycin.yaml	CHEBI:134606	Toyocamycin	PENDING_REVIEW	CHEBI:134606	toyocamycin	PENDING	
Tributyrin.yaml	CHEBI:35020	Tributyrin	PENDING_REVIEW	CHEBI:35020	tributyrin	PENDING	
Troleandomycin.yaml	CHEBI:45735	Troleandomycin	PENDING_REVIEW	CHEBI:45735	troleandomycin	PENDING	
Tubelactomicin_A.yaml	CHEBI:66279	Tubelactomicin A	PENDING_REVIEW	CHEBI:66279	tubelactomicin A	PENDING	
Tubercidin.yaml	CHEBI:48267	Tubercidin	PENDING_REVIEW	CHEBI:48267	tubercidin	PENDING	
Urocanic_Acid.yaml	CHEBI:27248	Urocanic Acid	PENDING_REVIEW	CHEBI:27248	urocanic acid	PENDING	
Valerate.yaml	CHEBI:31011	Valerate	PENDING_REVIEW	CHEBI:31011	valerate	PENDING	
Vancomycin.yaml	CHEBI:28001	Vancomycin	PENDING_REVIEW	CHEBI:28001	vancomycin	PENDING	
Vancoresmycin.yaml	CHEBI:213208	Vancoresmycin	PENDING_REVIEW	CHEBI:213208	Vancoresmycin	PENDING	
Viomycin.yaml	CHEBI:15782	Viomycin	PENDING_REVIEW	CHEBI:15782	viomycin	PENDING	
Virginiamycin.yaml	CHEBI:87209	Virginiamycin	PENDING_REVIEW	CHEBI:87209	virginiamycin	PENDING	
Xanthan.yaml	CHEBI:189560	Xanthan	PENDING_REVIEW	CHEBI:189560	xanthan	PENDING	
(-)-anisomycin.yaml	CHEBI:338412	(-)-anisomycin	UNMAPPED	CHEBI:338412		SUSPECT_ID_OUT_OF_RANGE	CHEBI:338412 exceeds the CHEBI accession ceiling and does not resolve; validate-products reported ID_OUT_OF_RANGE. Left UNMAPPED for curation.
1-chlorobutane.yaml	CHEBI:747005	1-chlorobutane	UNMAPPED	CHEBI:747005		SUSPECT_ID_OUT_OF_RANGE	CHEBI:747005 exceeds the CHEBI accession ceiling and does not resolve; validate-products reported ID_OUT_OF_RANGE. Left UNMAPPED for curation.
1-chloropropane.yaml	CHEBI:747004	1-chloropropane	UNMAPPED	CHEBI:747004		SUSPECT_ID_OUT_OF_RANGE	CHEBI:747004 exceeds the CHEBI accession ceiling and does not resolve; validate-products reported ID_OUT_OF_RANGE. Left UNMAPPED for curation.
4-nitrophenyl_Alpha-D-galactoside.yaml	CHEBI:546840	4-nitrophenyl Alpha-D-galactoside	UNMAPPED	CHEBI:546840		SUSPECT_ID_OUT_OF_RANGE	CHEBI:546840 exceeds the CHEBI accession ceiling and does not resolve; validate-products reported ID_OUT_OF_RANGE. Left UNMAPPED for curation.
Carbomycin.yaml	CHEBI:756054	Carbomycin	UNMAPPED	CHEBI:756054		SUSPECT_ID_OUT_OF_RANGE	CHEBI:756054 exceeds the CHEBI accession ceiling and does not resolve; validate-products reported ID_OUT_OF_RANGE. Left UNMAPPED for curation.
Cefazolin.yaml	CHEBI:474053	Cefazolin	UNMAPPED	CHEBI:474053		SUSPECT_ID_OUT_OF_RANGE	CHEBI:474053 exceeds the CHEBI accession ceiling and does not resolve; validate-products reported ID_OUT_OF_RANGE. Left UNMAPPED for curation.
Cefepime.yaml	CHEBI:478164	Cefepime	UNMAPPED	CHEBI:478164		SUSPECT_ID_OUT_OF_RANGE	CHEBI:478164 exceeds the CHEBI accession ceiling and does not resolve; validate-products reported ID_OUT_OF_RANGE. Left UNMAPPED for curation.
Cefixime.yaml	CHEBI:472657	Cefixime	UNMAPPED	CHEBI:472657		SUSPECT_ID_OUT_OF_RANGE	CHEBI:472657 exceeds the CHEBI accession ceiling and does not resolve; validate-products reported ID_OUT_OF_RANGE. Left UNMAPPED for curation.
Cefotiam.yaml	CHEBI:355510	Cefotiam	UNMAPPED	CHEBI:355510		SUSPECT_ID_OUT_OF_RANGE	CHEBI:355510 exceeds the CHEBI accession ceiling and does not resolve; validate-products reported ID_OUT_OF_RANGE. Left UNMAPPED for curation.
Colistin_Sulfate.yaml	CHEBI:759883	Colistin Sulfate	UNMAPPED	CHEBI:759883		SUSPECT_ID_OUT_OF_RANGE	CHEBI:759883 exceeds the CHEBI accession ceiling and does not resolve; validate-products reported ID_OUT_OF_RANGE. Left UNMAPPED for curation.
Ertapenem.yaml	CHEBI:404903	Ertapenem	UNMAPPED	CHEBI:404903		SUSPECT_ID_OUT_OF_RANGE	CHEBI:404903 exceeds the CHEBI accession ceiling and does not resolve; validate-products reported ID_OUT_OF_RANGE. Left UNMAPPED for curation.
Gamma-cyclodextrin.yaml	CHEBI:495056	Gamma-cyclodextrin	UNMAPPED	CHEBI:495056		SUSPECT_ID_OUT_OF_RANGE	CHEBI:495056 exceeds the CHEBI accession ceiling and does not resolve; validate-products reported ID_OUT_OF_RANGE. Left UNMAPPED for curation.
Gentamicin.yaml	CHEBI:759884	Gentamicin	UNMAPPED	CHEBI:759884		SUSPECT_ID_OUT_OF_RANGE	CHEBI:759884 exceeds the CHEBI accession ceiling and does not resolve; validate-products reported ID_OUT_OF_RANGE. Left UNMAPPED for curation.
Imipenem.yaml	CHEBI:471744	Imipenem	UNMAPPED	CHEBI:471744		SUSPECT_ID_OUT_OF_RANGE	CHEBI:471744 exceeds the CHEBI accession ceiling and does not resolve; validate-products reported ID_OUT_OF_RANGE. Left UNMAPPED for curation.
Lysostaphin.yaml	CHEBI:753395	Lysostaphin	UNMAPPED	CHEBI:753395		SUSPECT_ID_OUT_OF_RANGE	CHEBI:753395 exceeds the CHEBI accession ceiling and does not resolve; validate-products reported ID_OUT_OF_RANGE. Left UNMAPPED for curation.
Netilmicin.yaml	CHEBI:748901	Netilmicin	UNMAPPED	CHEBI:748901		SUSPECT_ID_OUT_OF_RANGE	CHEBI:748901 exceeds the CHEBI accession ceiling and does not resolve; validate-products reported ID_OUT_OF_RANGE. Left UNMAPPED for curation.
Polymyxin_B.yaml	CHEBI:759086	Polymyxin B	UNMAPPED	CHEBI:759086		SUSPECT_ID_OUT_OF_RANGE	CHEBI:759086 exceeds the CHEBI accession ceiling and does not resolve; validate-products reported ID_OUT_OF_RANGE. Left UNMAPPED for curation.
