identifier	preferred_term	noisy_ncit_target	ncit_canonical	reason_deferred
UNMAPPED_0794	Achromycin	NCIT:C48020	Tetracycline Hydrochloride	NCIT canonical is the HCl salt (Tetracycline Hydrochloride) — salt/purity mismatch; deep-research for CHEBI tetracycline
UNMAPPED_0645	Alpha-hydroxybutyrate	NCIT:C120002	2-Hydroxybutyrate	NCIT 2-Hydroxybutyrate ok but CHEBI 2-hydroxybutyrate term preferable; defer to deep-research
UNMAPPED_0629	Beta-hydroxybutyrate	NCIT:C96568	Beta-Hydroxybutyrate Measurement	"NCIT match is a clinical ""Beta-Hydroxybutyrate Measurement"" concept, not the chemical — reject; CHEBI 3-hydroxybutyrate via deep-research"
UNMAPPED_0810	Diacetyl	NCIT:C210295	Diacetyl Measurement	"NCIT match is ""Diacetyl Measurement"" concept — reject; CHEBI butane-2,3-dione via deep-research"
UNMAPPED_0667	Ferric Iron	NCIT:C68258	Ferric	"NCIT canonical ""Ferric"" (adjective) — prefer CHEBI iron(3+); defer"
UNMAPPED_0814	Filipin	NCIT:C80959	Filipin III	"NCIT ""Filipin III"" over-specific vs source ""Filipin"" complex; defer"
UNMAPPED_0821	Keratin	NCIT:C20693	Cytokeratin	"NCIT ""Cytokeratin"" wrong sense for keratin degradation substrate — reject; defer"
UNMAPPED_0830	Neomycin E	NCIT:C61878	Paromomycin	NCIT Paromomycin = neomycin E (correct) but confirm target via deep-research
UNMAPPED_0842	Rna	NCIT:C132301	Ribonucleic Acid Measurement	"NCIT match is ""Ribonucleic Acid Measurement"" concept — reject; RNA substrate via deep-research"
