old_curie	current_curie	first_seen	retired_at	chain_length
MIM:(-)-anisomycin	MIM:~28-~29-anisomycin	2026-08-21	2026-08-21	2
MIM:(-)-quinic_Acid	MIM:~28-~29-quinic_Acid	2026-08-21	2026-08-21	2
MIM:(R)-amygdalin	MIM:~28R~29-amygdalin	2026-08-21	2026-08-21	2
MIM:(R)-lactate	MIM:~28R~29-lactate	2026-08-21	2026-08-21	2
MIM:(R)-malic_Acid	MIM:~28R~29-malic_Acid	2026-08-21	2026-08-21	2
MIM:(S)-azetidine-2-carboxylic_Acid	MIM:~28S~29-azetidine-2-carboxylic_Acid	2026-08-21	2026-08-21	2
MIM:(S)-mandelic_Acid	MIM:~28S~29-mandelic_Acid	2026-08-21	2026-08-21	2
MIM:1-Naphtylacetic_Acid	MIM:1-naphtylacetic_Acid	2026-06-15T00:17:17-07:00	2026-06-15T00:17:17-07:00	2
MIM:2-D-lyxose	MIM:~282~29-D-lyxose	2026-08-21	2026-08-21	2
MIM:2-phenylethylamine	MIM:Phenethylamine_Hydrochloride	2026-08-21	2026-08-21	2
MIM:2-tetrachloroethane	MIM:1122-Tetrachloroethane	2026-08-14T21:56:33-07:00	2026-08-14T21:56:33-07:00	2
MIM:2-~28Methylthio~29ethanol	MIM:2-_Methylthioethanol	2026-05-30T12:27:53-07:00	2026-05-30T12:27:53-07:00	2
MIM:23_dihydroxybenzoic_acid	MIM:23-dihydroxybenzoic_Acid	2026-05-30T12:27:53-07:00	2026-05-30T12:27:53-07:00	2
MIM:2_Deoxyinosine	MIM:2-deoxyinosine	2026-05-30T12:27:53-07:00	2026-05-30T12:27:53-07:00	2
MIM:2_Deoxyuridine	MIM:2-deoxyuridine	2026-05-30T12:27:53-07:00	2026-05-30T12:27:53-07:00	2
MIM:3_N_morpholinopropanesulfonic_acid	MIM:3-_N-morpholinopropanesulfonic_Acid	2026-05-30T12:27:53-07:00	2026-05-30T12:27:53-07:00	2
MIM:4_Guanidinobutyric_acid	MIM:4-guanidinobutyric_Acid	2026-05-30T12:27:53-07:00	2026-05-30T12:27:53-07:00	2
MIM:5-Deoxy-5-~28methylthio~29adenosine	MIM:5-deoxy-5-_Methylthioadenosine	2026-05-30T12:27:53-07:00	2026-05-30T12:27:53-07:00	2
MIM:5-~282-thienyl~29-pentanoic_Acid	MIM:5-_2-thienyl-pentanoic_Acid	2026-05-30T12:27:53-07:00	2026-05-30T12:27:53-07:00	2
MIM:5_methyluridine	MIM:5-methyluridine	2026-05-30T12:27:53-07:00	2026-05-30T12:27:53-07:00	2
MIM:6-methoxy-2~283H~29-benzoxazolone	MIM:6-methoxy-2_3h-benzoxazolone	2026-05-30T12:27:53-07:00	2026-05-30T12:27:53-07:00	2
MIM:84_gL_NaHCO3_solution	MIM:84_GL_NaHCO3_Solution	2026-08-21	2026-08-21	2
MIM:ATCC_Wolfes_mineral_mix	MIM:ATCC_Wolfes_Mineral_Mix	2026-08-21	2026-08-21	2
MIM:ATCC_Wolfes_mineral_mix_minus_iron	MIM:ATCC_Wolfes_Mineral_Mix_Minus_Iron	2026-08-21	2026-08-21	2
MIM:ATCC_Wolfes_vitamin_mix	MIM:ATCC_Wolfes_Vitamin_Mix	2026-08-21	2026-08-21	2
MIM:Acetate_~28carbon_Source~29	MIM:Acetate_Carbon_Source	2026-05-30T12:27:53-07:00	2026-05-30T12:27:53-07:00	2
MIM:Alpha-Toxicarol_~28Dl~29	MIM:Alpha-toxicarol_Dl	2026-05-30T12:27:53-07:00	2026-05-30T12:27:53-07:00	2
MIM:Ammonium_Chloride_~28nitrogen_Source~29	MIM:Ammonium_Chloride_Nitrogen_Source	2026-05-30T12:27:53-07:00	2026-05-30T12:27:53-07:00	2
MIM:Anisodamine_Hydrobromide_~28~29	MIM:Anisodamine_Hydrobromide	2026-05-30T12:27:53-07:00	2026-05-30T12:27:53-07:00	2
MIM:Arabinoxylan_~28Rye_Flour~29	MIM:Arabinoxylan_Rye_Flour	2026-05-30T12:27:53-07:00	2026-05-30T12:27:53-07:00	2
MIM:B-Glucan_From_Beet_~2812-b-Glucan~29	MIM:B-glucan_From_Beet_12-b-glucan	2026-05-30T12:27:53-07:00	2026-05-30T12:27:53-07:00	2
MIM:BG-11_Trace_Metals_Solution	MIM:Bg-11_Trace_Metals_Solution	2026-08-21	2026-08-21	2
MIM:Bacto_Tryptic_Soy_Agar_~28Difco~29	MIM:Bacto_Tryptic_Soy_Agar_Difco	2026-05-30T12:27:53-07:00	2026-05-30T12:27:53-07:00	2
MIM:Bacto_Tryptic_Soy_Broth_~28Difco~29	MIM:Bacto_Tryptic_Soy_Broth_Difco	2026-05-30T12:27:53-07:00	2026-05-30T12:27:53-07:00	2
MIM:Beta_Lactose	MIM:Beta-lactose	2026-05-30T12:27:53-07:00	2026-05-30T12:27:53-07:00	2
MIM:Bis_2-ethylhexylphthalate	MIM:Bis~282-ethylhexyl~29phthalate	2026-08-21	2026-08-21	2
MIM:Bismuth~28III~29_Chloride	MIM:Bismuth_Iii_Chloride	2026-05-30T12:27:53-07:00	2026-05-30T12:27:53-07:00	2
MIM:Bis~283-aminopropyl~29amine	MIM:Bis_3-aminopropylamine	2026-05-30T12:27:53-07:00	2026-05-30T12:27:53-07:00	2
MIM:Butane-1	MIM:Butane-14-diol	2026-08-14T21:56:33-07:00	2026-08-14T21:56:33-07:00	2
MIM:CaSO42H2Osaturated_solution	MIM:Caso42h2osaturated_Solution	2026-08-21	2026-08-21	2
MIM:Cacl22h2o_2	MIM:Cacl22h2o	2026-05-30T12:27:53-07:00	2026-05-30T12:27:53-07:00	2
MIM:Calcium(2)	MIM:Calcium~282~29	2026-08-21	2026-08-21	2
MIM:Carbon_source_solution	MIM:Carbon_Source_Solution	2026-08-21	2026-08-21	2
MIM:Carnitine_~28Dl~29_Hydrochloride	MIM:Carnitine_Dl_Hydrochloride	2026-05-30T12:27:53-07:00	2026-05-30T12:27:53-07:00	2
MIM:Caryophyllene_T~28-~29	MIM:Caryophyllene_T	2026-05-30T12:27:53-07:00	2026-05-30T12:27:53-07:00	2
MIM:Casamino_Acids_~28vitamin_Assay~29	MIM:Casamino_Acids_Vitamin_Assay	2026-05-30T12:27:53-07:00	2026-05-30T12:27:53-07:00	2
MIM:Ceftriaxone_Disodium_Salt_Hemi~28heptahydrate~29	MIM:Ceftriaxone_Disodium_Salt_Hemi_Heptahydrate	2026-05-30T12:27:53-07:00	2026-05-30T12:27:53-07:00	2
MIM:Cholesterol_lipid_concentrate	MIM:Cholesterol_Lipid_Concentrate	2026-08-21	2026-08-21	2
MIM:Chromium~28III~29_Chloride_Hexahydrate	MIM:Chromium_Iii_Chloride_Hexahydrate	2026-05-30T12:27:53-07:00	2026-05-30T12:27:53-07:00	2
MIM:Cobalt_~28III~29-EDTA	MIM:Cobalt_Iii-edta	2026-05-30T12:27:53-07:00	2026-05-30T12:27:53-07:00	2
MIM:D-~28-~29-Pantolactone	MIM:D-_-pantolactone	2026-05-30T12:27:53-07:00	2026-05-30T12:27:53-07:00	2
MIM:D-~28-~29-lyxose	MIM:D-_-lyxose	2026-05-30T12:27:53-07:00	2026-05-30T12:27:53-07:00	2
MIM:D-~28-~29-tagatose	MIM:D-_-tagatose	2026-05-30T12:27:53-07:00	2026-05-30T12:27:53-07:00	2
MIM:D-~28~29-Galactosamine_Hydrochloride	MIM:D-_-galactosamine_Hydrochloride	2026-05-30T12:27:53-07:00	2026-05-30T12:27:53-07:00	2
MIM:D-~28~29-Gluconic_Acid_Gamma-lactone	MIM:D-_-gluconic_Acid_Gamma-lactone	2026-05-30T12:27:53-07:00	2026-05-30T12:27:53-07:00	2
MIM:D-~28~29-Melezitose_Hydrate	MIM:D-_-melezitose_Hydrate	2026-05-30T12:27:53-07:00	2026-05-30T12:27:53-07:00	2
MIM:D-~28~29-Turanose	MIM:D-_-turanose	2026-05-30T12:27:53-07:00	2026-05-30T12:27:53-07:00	2
MIM:D-~28~29-melezitose_Monohydrate	MIM:D-_-melezitose_Monohydrate	2026-05-30T12:27:53-07:00	2026-05-30T12:27:53-07:00	2
MIM:DAS_Macro_Solution	MIM:Das_Macro_Solution	2026-08-21	2026-08-21	2
MIM:DAS_Vitamin_Cocktail	MIM:Das_Vitamin_Cocktail	2026-08-21	2026-08-21	2
MIM:DL_vitamins	MIM:DL_Vitamins	2026-08-21	2026-08-21	2
MIM:DYV_Metal_Solution	MIM:Dyv_Metal_Solution	2026-08-21	2026-08-21	2
MIM:D_Trehalose_dihydrate	MIM:D-trehalose_Dihydrate	2026-05-30T12:27:53-07:00	2026-05-30T12:27:53-07:00	2
MIM:Disodium_Phosphate_Heptahydrate_~28002_M_Stock~29	MIM:Disodium_Phosphate_Heptahydrate_002_M_Stock	2026-05-30T12:27:53-07:00	2026-05-30T12:27:53-07:00	2
MIM:Duartin_~28-~29	MIM:Duartin	2026-05-30T12:27:53-07:00	2026-05-30T12:27:53-07:00	2
MIM:D~28~29-Carvone	MIM:D_-carvone	2026-05-30T12:27:53-07:00	2026-05-30T12:27:53-07:00	2
MIM:EDTA_Stock	MIM:Edta_Stock	2026-08-21	2026-08-21	2
MIM:EDTA_~28acid_Form~29	MIM:Edta_Acid_Form	2026-05-30T12:27:53-07:00	2026-05-30T12:27:53-07:00	2
MIM:EDTA_~28chelating_Agent~29	MIM:Edta_Chelating_Agent	2026-05-30T12:27:53-07:00	2026-05-30T12:27:53-07:00	2
MIM:Enrichment_Solution_for_Seawater_Medium	MIM:Enrichment_Solution_For_Seawater_Medium	2026-08-21	2026-08-21	2
MIM:Europium~28III~29_Chloride	MIM:Europium_Iii_Chloride	2026-05-30T12:27:53-07:00	2026-05-30T12:27:53-07:00	2
MIM:Ferric_malate_solution	MIM:Ferric_Malate_Solution	2026-08-21	2026-08-21	2
MIM:Fructooligosaccharides_~28FOS~29	MIM:Fructooligosaccharides_Fos	2026-05-30T12:27:53-07:00	2026-05-30T12:27:53-07:00	2
MIM:G9_Trace_Metals_for_J_medium	MIM:G9_Trace_Metals_For_J_Medium	2026-08-21	2026-08-21	2
MIM:Gallium~28III~29chloride	MIM:Gallium_Iiichloride	2026-05-30T12:27:53-07:00	2026-05-30T12:27:53-07:00	2
MIM:Glucomannan_~28konjac~29	MIM:Glucomannan_Konjac	2026-05-30T12:27:53-07:00	2026-05-30T12:27:53-07:00	2
MIM:Glycine-NaOH_buffer	MIM:Glycine-NaOH_Buffer	2026-08-21	2026-08-21	2
MIM:Gold_~28III~29_Chloride_Hydrate	MIM:Gold_Iii_Chloride_Hydrate	2026-05-30T12:27:53-07:00	2026-05-30T12:27:53-07:00	2
MIM:Hans_1000x_minerals	MIM:Hans_1000x_Minerals	2026-08-21	2026-08-21	2
MIM:Hans_100x_vitamins	MIM:Hans_100x_Vitamins	2026-08-21	2026-08-21	2
MIM:Hydrastine_~281R_9S~29	MIM:Hydrastine_1r_9s	2026-05-30T12:27:53-07:00	2026-05-30T12:27:53-07:00	2
MIM:Hydroxy_L_Proline	MIM:Hydroxy-l-proline	2026-05-30T12:27:53-07:00	2026-05-30T12:27:53-07:00	2
MIM:Iron_~28as_FeCl3_In_EDTA~29	MIM:Iron_As_Fecl3_In_Edta	2026-05-30T12:27:53-07:00	2026-05-30T12:27:53-07:00	2
MIM:K-phosphate_buffer	MIM:K-phosphate_Buffer	2026-08-21	2026-08-21	2
MIM:KNO2	MIM:Kno2	2026-06-17T00:08:21-07:00	2026-06-17T00:08:21-07:00	2
MIM:L-Cysteine_x_HCl_x_H2O_solution	MIM:L-Cysteine_X_HCl_X_H2O_Solution	2026-08-21	2026-08-21	2
MIM:L-~28-~29-sorbose	MIM:L-_-sorbose	2026-05-30T12:27:53-07:00	2026-05-30T12:27:53-07:00	2
MIM:L-~28~29-Ergothioneine	MIM:L-_-ergothioneine	2026-05-30T12:27:53-07:00	2026-05-30T12:27:53-07:00	2
MIM:L-~28~29-Erythrulose	MIM:L-_-erythrulose	2026-05-30T12:27:53-07:00	2026-05-30T12:27:53-07:00	2
MIM:LCFM_Carbon_mix	MIM:LCFM_Carbon_Mix	2026-08-21	2026-08-21	2
MIM:L_Citrulline	MIM:L-citrulline	2026-05-30T12:27:53-07:00	2026-05-30T12:27:53-07:00	2
MIM:L_Cysteine_hydrochloride_monohydrate	MIM:L-cysteine_Hydrochloride_Monohydrate	2026-05-30T12:27:53-07:00	2026-05-30T12:27:53-07:00	2
MIM:L_Ornithine	MIM:L-ornithine	2026-05-30T12:27:53-07:00	2026-05-30T12:27:53-07:00	2
MIM:L_ornithine_monohydrochloride	MIM:L-ornithine_Monohydrochloride	2026-05-30T12:27:53-07:00	2026-05-30T12:27:53-07:00	2
MIM:L_tyrosine_disodium_salt	MIM:L-tyrosine_Disodium_Salt	2026-05-30T12:27:53-07:00	2026-05-30T12:27:53-07:00	2
MIM:Lanthanum_~28III~29_Chloride	MIM:Lanthanum_Iii_Chloride	2026-05-30T12:27:53-07:00	2026-05-30T12:27:53-07:00	2
MIM:Lead_~28II~29_Chloride	MIM:Lead_Ii_Chloride	2026-05-30T12:27:53-07:00	2026-05-30T12:27:53-07:00	2
MIM:Lead_~28II~29_Nitrate	MIM:Lead_Ii_Nitrate	2026-05-30T12:27:53-07:00	2026-05-30T12:27:53-07:00	2
MIM:Legionella_agar_enrichment	MIM:Legionella_Agar_Enrichment	2026-08-21	2026-08-21	2
MIM:Lichenan_~28icelandic_Moss~29	MIM:Lichenan_Icelandic_Moss	2026-05-30T12:27:53-07:00	2026-05-30T12:27:53-07:00	2
MIM:MES_buffer	MIM:MES_Buffer	2026-08-21	2026-08-21	2
MIM:MWC_Metal_Solution	MIM:Mwc_Metal_Solution	2026-08-21	2026-08-21	2
MIM:Macro_Component_1_for_J_Medium	MIM:Macro_Component_1_For_J_Medium	2026-08-21	2026-08-21	2
MIM:Macro_Component_2_for_J_medium	MIM:Macro_Component_2_For_J_Medium	2026-08-21	2026-08-21	2
MIM:Magnesium(2)	MIM:Magnesium~282~29	2026-08-21	2026-08-21	2
MIM:Malt_Extract_Agar_~28Nissui~29	MIM:Malt_Extract_Agar_Nissui	2026-05-30T12:27:53-07:00	2026-05-30T12:27:53-07:00	2
MIM:Malt_Extract_Agar_~28Oxoid~29	MIM:Malt_Extract_Agar_Oxoid	2026-05-30T12:27:53-07:00	2026-05-30T12:27:53-07:00	2
MIM:Menadione_solution	MIM:Menadione_Solution	2026-08-21	2026-08-21	2
MIM:Mercury_~28II~29_Chloride	MIM:Mercury_Ii_Chloride	2026-05-30T12:27:53-07:00	2026-05-30T12:27:53-07:00	2
MIM:Metall_salt_sol_44	MIM:Metall_Salt_Sol_44	2026-08-21	2026-08-21	2
MIM:Methyl_(R)-lactate	MIM:Methyl_~28R~29-lactate	2026-08-21	2026-08-21	2
MIM:Methyl_3-~284-hydroxyphenyl~29propionate	MIM:Methyl_3-_4-hydroxyphenylpropionate	2026-05-30T12:27:53-07:00	2026-05-30T12:27:53-07:00	2
MIM:Mgco	MIM:Mgco3	2026-05-30T12:27:53-07:00	2026-05-30T12:27:53-07:00	2
MIM:Mgso47h2o_3	MIM:Mgso47h2o_2	2026-05-30T12:27:53-07:00	2026-05-30T12:27:53-07:00	2
MIM:Micronutrient_solution	MIM:Micronutrient_Solution	2026-08-21	2026-08-21	2
MIM:Mineral_3B_solution	MIM:Mineral_3B_Solution	2026-08-21	2026-08-21	2
MIM:Mineral_3B_solution_minus_Nitrogen	MIM:Mineral_3B_Solution_Minus_Nitrogen	2026-08-21	2026-08-21	2
MIM:Mineral_3B_solution_minus_phosphorus	MIM:Mineral_3B_Solution_Minus_Phosphorus	2026-08-21	2026-08-21	2
MIM:Mineral_salts_base	MIM:Mineral_Salts_Base	2026-08-21	2026-08-21	2
MIM:Mncl2_anhydrous	MIM:Mncl2	2026-05-30T12:27:53-07:00	2026-05-30T12:27:53-07:00	2
MIM:Modified_P-IV_chelated_Micronutrient_Solution	MIM:Modified_P-iv_Chelated_Micronutrient_Solution	2026-08-21	2026-08-21	2
MIM:Modified_trace_vitamins	MIM:Modified_Trace_Vitamins	2026-08-21	2026-08-21	2
MIM:Murashige-Skoog_basal_salts	MIM:Murashige-Skoog_Basal_Salts	2026-08-21	2026-08-21	2
MIM:N-~283-oxohexanoyl~29-DL-homoserine_Lactone	MIM:N-_3-oxohexanoyl-dl-homoserine_Lactone	2026-05-30T12:27:53-07:00	2026-05-30T12:27:53-07:00	2
MIM:NH42CO3	MIM:Nh42co3	2026-06-17T19:32:00-07:00	2026-06-17T19:32:00-07:00	2
MIM:NNNN-Tetrakis~282-pyridylmethyl~29ethylenediamine	MIM:Nnnn-tetrakis_2-pyridylmethylethylenediamine	2026-05-30T12:27:53-07:00	2026-05-30T12:27:53-07:00	2
MIM:N_Acetyl_glutamic_acid	MIM:N-acetyl-glutamic_Acid	2026-05-30T12:27:53-07:00	2026-05-30T12:27:53-07:00	2
MIM:Na-phosphate_buffer	MIM:Na-phosphate_Buffer	2026-08-21	2026-08-21	2
MIM:Na2HPO4-KH2PO4_buffer	MIM:Na2HPO4-KH2PO4_Buffer	2026-08-21	2026-08-21	2
MIM:Na2HPO4-NaH2PO4_buffer	MIM:Na2HPO4-NaH2PO4_Buffer	2026-08-21	2026-08-21	2
MIM:P-II_Metal_Solution	MIM:P-ii_Metal_Solution	2026-08-21	2026-08-21	2
MIM:P-IV_Metal_Solution	MIM:P-iv_Metal_Solution	2026-08-21	2026-08-21	2
MIM:PIPES_buffer	MIM:PIPES_Buffer	2026-08-21	2026-08-21	2
MIM:Palladium~28II~29_Chloride	MIM:Palladium_Ii_Chloride	2026-05-30T12:27:53-07:00	2026-05-30T12:27:53-07:00	2
MIM:Perillic_Acid_~28-~29	MIM:Perillic_Acid	2026-05-30T12:27:53-07:00	2026-05-30T12:27:53-07:00	2
MIM:Platinum_~28IV~29_Chloride	MIM:Platinum_Iv_Chloride	2026-05-30T12:27:53-07:00	2026-05-30T12:27:53-07:00	2
MIM:Poly_ethylene_Terephthalate	MIM:Poly~28ethylene_Terephthalate~29	2026-08-21	2026-08-21	2
MIM:Poly~283-hydroxybutyric_Acid~29	MIM:Poly_3-hydroxybutyric_Acid	2026-05-30T12:27:53-07:00	2026-05-30T12:27:53-07:00	2
MIM:Poly~28L-lysine~29_Polymer	MIM:Poly_L-lysine_Polymer	2026-05-30T12:27:53-07:00	2026-05-30T12:27:53-07:00	2
MIM:Potassium_~28poly~29sulfide	MIM:Potassium_Polysulfide	2026-05-30T12:27:53-07:00	2026-05-30T12:27:53-07:00	2
MIM:Proteose_peptone_no._2	MIM:Proteose_Peptone_No_2	2026-05-30T12:27:53-07:00	2026-05-30T12:27:53-07:00	2
MIM:Pustulan_~28b-1-6_Glucan~29	MIM:Pustulan_B-1-6_Glucan	2026-05-30T12:27:53-07:00	2026-05-30T12:27:53-07:00	2
MIM:Rumen_fluid	MIM:Rumen_Fluid	2026-08-21	2026-08-21	2
MIM:S-Isocorydine_~28~29	MIM:S-isocorydine	2026-05-30T12:27:53-07:00	2026-05-30T12:27:53-07:00	2
MIM:Salts_solution	MIM:Salts_Solution	2026-08-21	2026-08-21	2
MIM:Sea_salts	MIM:Sea_Salts	2026-08-21	2026-08-21	2
MIM:Skirrow_supplement	MIM:Skirrow_Supplement	2026-08-21	2026-08-21	2
MIM:Sn-Glycerol_3-phosphate_Bis~28cyclohexylammonium~29_Salt	MIM:Sn-glycerol_3-phosphate_Bis_Cyclohexylammonium_Salt	2026-05-30T12:27:53-07:00	2026-05-30T12:27:53-07:00	2
MIM:Sodium	MIM:Sodium~28~29	2026-08-21	2026-08-21	2
MIM:Sodium_Citrate_2	MIM:Sodium_Citrate	2026-05-30T12:27:53-07:00	2026-05-30T12:27:53-07:00	2
MIM:Sodium_Metasilicate_~28silicate_For_Diatom_Frustules~29	MIM:Sodium_Metasilicate_Silicate_For_Diatom_Frustules	2026-05-30T12:27:53-07:00	2026-05-30T12:27:53-07:00	2
MIM:Sodium_Nitrate_~28070_M_Stock~29	MIM:Sodium_Nitrate_070_M_Stock	2026-05-30T12:27:53-07:00	2026-05-30T12:27:53-07:00	2
MIM:Sodium_Nitrate_~28nitrogen_Source~29	MIM:Sodium_Nitrate_Nitrogen_Source	2026-05-30T12:27:53-07:00	2026-05-30T12:27:53-07:00	2
MIM:Sodium_Phosphate_Monobasic_~28phosphorus_Source~29	MIM:Sodium_Phosphate_Monobasic_Phosphorus_Source	2026-05-30T12:27:53-07:00	2026-05-30T12:27:53-07:00	2
MIM:Spir_solution	MIM:Spir_Solution	2026-08-21	2026-08-21	2
MIM:Steric_solution	MIM:Steric_Solution	2026-08-21	2026-08-21	2
MIM:Sugarcane_Straw_~28lignocellulose_Substrate~29	MIM:Sugarcane_Straw_Lignocellulose_Substrate	2026-05-30T12:27:53-07:00	2026-05-30T12:27:53-07:00	2
MIM:Sulfur-free_DL_minerals	MIM:Sulfur-free_DL_Minerals	2026-08-21	2026-08-21	2
MIM:Sulfur_free_mineral_mix	MIM:Sulfur_Free_Mineral_Mix	2026-08-21	2026-08-21	2
MIM:Synthetic_Sea_Salts_sss	MIM:Synthetic_Sea_Salts_~28sss~29	2026-08-21	2026-08-21	2
MIM:TYG_salts_solution	MIM:TYG_Salts_Solution	2026-08-21	2026-08-21	2
MIM:Tetrakis~28hydroxymethyl~29phosphonium_Sulfate	MIM:Tetrakis_Hydroxymethylphosphonium_Sulfate	2026-05-30T12:27:53-07:00	2026-05-30T12:27:53-07:00	2
MIM:Thallium~28I~29_Acetate	MIM:Thallium_I_Acetate	2026-05-30T12:27:53-07:00	2026-05-30T12:27:53-07:00	2
MIM:Thauers_vitamin_mix	MIM:Thauers_Vitamin_Mix	2026-08-21	2026-08-21	2
MIM:Thauers_vitamin_mix_no_Biotin	MIM:Thauers_Vitamin_Mix_No_Biotin	2026-08-21	2026-08-21	2
MIM:Thiamine_Pyrophosphate	MIM:Thiamine_pyrophosphate	2026-08-13T12:25:35-07:00	2026-08-21	2
MIM:Titanium~28III~29_Citrate	MIM:Titanium_Iii_Citrate	2026-05-30T12:27:53-07:00	2026-05-30T12:27:53-07:00	2
MIM:Trace_metal_solution	MIM:Trace_Metal_Solution	2026-08-21	2026-08-21	2
MIM:Trace_mineral_solution	MIM:Trace_Mineral_Solution	2026-08-21	2026-08-21	2
MIM:Trace_minerals	MIM:Trace_Minerals	2026-08-21	2026-08-21	2
MIM:Tryptone_Soya_Broth_~28Oxoid~29	MIM:Tryptone_Soya_Broth_Oxoid	2026-05-30T12:27:53-07:00	2026-05-30T12:27:53-07:00	2
MIM:Tryptoneyeastbeef_(tyb)	MIM:Tryptoneyeastbeef_~28tyb~29	2026-08-21	2026-08-21	2
MIM:UW_concentrated_base	MIM:UW_Concentrated_Base	2026-08-21	2026-08-21	2
MIM:UW_concentrated_base_no_Mo	MIM:UW_Concentrated_Base_No_Mo	2026-08-21	2026-08-21	2
MIM:UW_concentrated_base_no_sulfur	MIM:UW_Concentrated_Base_No_Sulfur	2026-08-21	2026-08-21	2
MIM:Vitamin_Solution_~28thermophilic_Formulation~29	MIM:Vitamin_Solution_Thermophilic_Formulation	2026-05-30T12:27:53-07:00	2026-05-30T12:27:53-07:00	2
MIM:Vitamins_solution	MIM:Vitamins_Solution	2026-08-21	2026-08-21	2
MIM:Wolfes_mineral_mix	MIM:Wolfes_Mineral_Mix	2026-08-21	2026-08-21	2
MIM:Wolfes_mineral_mix_minus_Nitrilotriacetic_acid	MIM:Wolfes_Mineral_Mix_minus_Nitrilotriacetic_acid	2026-08-21	2026-08-21	2
MIM:Wolfes_vitamin_mix	MIM:Wolfes_Vitamin_Mix	2026-08-21	2026-08-21	2
MIM:Xyloglucan_~28heptaoctanona_Saccharides~29	MIM:Xyloglucan_Heptaoctanona_Saccharides	2026-05-30T12:27:53-07:00	2026-05-30T12:27:53-07:00	2
MIM:Yacontrol_~28Yacon_Root_Syrup~29	MIM:Yacontrol_Yacon_Root_Syrup	2026-05-30T12:27:53-07:00	2026-05-30T12:27:53-07:00	2
MIM:m_Inositol	MIM:M-inositol	2026-05-30T12:27:53-07:00	2026-05-30T12:27:53-07:00	2
MIM:n_Acetyl_glutamine	MIM:N-acetyl-glutamine	2026-05-30T12:27:53-07:00	2026-05-30T12:27:53-07:00	2
MIM:n_Acetyl_lysine	MIM:N-acetyl-lysine	2026-05-30T12:27:53-07:00	2026-05-30T12:27:53-07:00	2
MIM:n_Acetyl_muramic_acid	MIM:N-acetyl-muramic_Acid	2026-05-30T12:27:53-07:00	2026-05-30T12:27:53-07:00	2
MIM:sn_glycero_3_phosphocholine	MIM:Sn-glycero-3-phosphocholine	2026-05-30T12:27:53-07:00	2026-05-30T12:27:53-07:00	2
MIM:~28-~29-Epigallocatechin_Gallate	MIM:Epigallocatechin_Gallate	2026-05-30T12:27:53-07:00	2026-05-30T12:27:53-07:00	2
MIM:~28-~29-Epinephrine	MIM:Epinephrine	2026-05-30T12:27:53-07:00	2026-05-30T12:27:53-07:00	2
MIM:~28-~29-Norepinephrine	MIM:Norepinephrine	2026-05-30T12:27:53-07:00	2026-05-30T12:27:53-07:00	2
MIM:~28-~29-Verapamil_Hydrochloride	MIM:Verapamil_Hydrochloride	2026-05-30T12:27:53-07:00	2026-05-30T12:27:53-07:00	2
MIM:~28-~29-alpha-bisabolol	MIM:Alpha-bisabolol	2026-05-30T12:27:53-07:00	2026-05-30T12:27:53-07:00	2
MIM:~285z~29-4-bromo-5-~28bromomethylene~29-2~285h~29-furanone	MIM:5z-4-bromo-5-_Bromomethylene-2_5h-furanone	2026-05-30T12:27:53-07:00	2026-05-30T12:27:53-07:00	2
MIM:~28R~29-3-hydroxybutyrate	MIM:R-3-hydroxybutyrate	2026-05-30T12:27:53-07:00	2026-05-30T12:27:53-07:00	2
MIM:~28S~29-3-hydroxybutyrate	MIM:S-3-hydroxybutyrate	2026-05-30T12:27:53-07:00	2026-05-30T12:27:53-07:00	2
MIM:~28~29-Arabinogalactan	MIM:Arabinogalactan	2026-05-30T12:27:53-07:00	2026-05-30T12:27:53-07:00	2
