subject_id	token	owned_by	disposition
MIM:2-Deoxyadenosine_Monohydrate	2-deoxyadenosine	MIM:2-deoxyadenosine	HYDRATE_FAMILY_UNREVIEWED
MIM:2-Keto-D-gluconic_Acid_Hemicalcium_Salt_Hydrate	2-Keto-D-gluconic acid hemicalcium salt monohydrate	MIM:2-Keto-D-gluconic_Acid_Hemicalcium_Salt_Monohydrate	HYDRATE_FAMILY_UNREVIEWED
MIM:24-diamino-67-di-iso-propylpteridine_phosphate	Vibriostat	MIM:Vibriostat	UNREVIEWED
MIM:4-Methyl-2-oxopentanoic_Acid_Sodium_Salt	4-Methyl-2-oxovaleric acid	MIM:4-Methyl-2-oxovaleric_Acid	UNREVIEWED
MIM:84_GL_NaHCO3_Solution	NaHCO3	MIM:Nahco3	UNREVIEWED
MIM:A-Ketoglutaric_Acid_Disodium_Salt_Hydrate	alpha-ketoglutaric acid	MIM:Alpha-ketoglutaric_Acid	HYDRATE_FAMILY_UNREVIEWED
MIM:Adenine	Adenine hydrochloride hydrate	MIM:Adenine_Hydrochloride_Hydrate	HYDRATE_FAMILY_UNREVIEWED
MIM:Beta-lactose	lactose	MIM:Lactose	UNREVIEWED
MIM:Betaine_Hydrochloride	Betaine x H2O	MIM:Betaine_X_H2o	HYDRATE_FAMILY_UNREVIEWED
MIM:Carnitine_Dl_Hydrochloride	DL-carnitine	MIM:Dl-carnitine	UNREVIEWED
MIM:Carnitine_Hydrochloride	DL-carnitine	MIM:Dl-carnitine	UNREVIEWED
MIM:Cecl3	CeCl3 x 7 H2O	MIM:Cecl3_X_7_H2o	HYDRATE_FAMILY_UNREVIEWED
MIM:Ceftazidime	Ceftazidime hydrate	MIM:Ceftazidime_Hydrate	HYDRATE_FAMILY_UNREVIEWED
MIM:Cocl2	CoCl2 x 4 H2O	MIM:Cocl2_X_4_H2o	HYDRATE_FAMILY_UNREVIEWED
MIM:D-Maltose_Monohydrate	Maltose Hydrate	MIM:Maltose_Hydrate	HYDRATE_FAMILY_UNREVIEWED
MIM:D-Mannose_6-phosphate_Sodium_Salt	Mannose-6-Phosphate	MIM:Mannose-6-Phosphate	UNREVIEWED
MIM:D-mannitol	Mannitol	MIM:Mannitol	UNREVIEWED
MIM:Disodium_Phosphate_Heptahydrate_002_M_Stock	Na2HPO4 x 7 H2O	MIM:Na2hpo4_X_7_H2o	HYDRATE_FAMILY_UNREVIEWED
MIM:EDTA_Tetrasodium_Tetrahydrate_Salt	EDTA	MIM:Edta	HYDRATE_FAMILY_UNREVIEWED
MIM:K2hpo4	K2HPO4 x 3 H2O	MIM:K2hpo4_X_3_H2o	HYDRATE_FAMILY_UNREVIEWED
MIM:L-asparagine	ASPARAGINE	MIM:Asparagine	UNREVIEWED
MIM:L-cysteine	CYSTEINE	MIM:Cysteine	UNREVIEWED
MIM:L-glutamic_Acid	GLUTAMIC ACID	MIM:Glutamic_Acid	UNREVIEWED
MIM:L-proline	PROLINE	MIM:Proline	UNREVIEWED
MIM:L-tryptophan	Tryptophan	MIM:Tryptophan	UNREVIEWED
MIM:Licl	Lithium chloride hydrate	MIM:Lithium_Chloride_Hydrate	HYDRATE_FAMILY_UNREVIEWED
MIM:MES_Hydrat	MES [2-(N-morpholino) ethane sulfonic acid]	MIM:Mes_2-_N-morpholino_Ethane_Sulfonic_Acid	UNREVIEWED
MIM:Magnesium_Chloride	MgCl2 x 6 H2O	MIM:Mgcl2_X_6_H2o	HYDRATE_FAMILY_UNREVIEWED
MIM:Maltose	Maltose Hydrate	MIM:Maltose_Hydrate	HYDRATE_FAMILY_UNREVIEWED
MIM:Maltotriose	Maltotriose hydrate	MIM:Maltotriose_Hydrate	HYDRATE_FAMILY_UNREVIEWED
MIM:Mgso4_X_7_H2o	MgSO4·H2O	MIM:Mgso4h2o	HYDRATE_FAMILY_UNREVIEWED
MIM:Na2co3	Sodium carbonate solution	MIM:Sodium_Carbonate_Solution	UNREVIEWED
MIM:Na2glycerophosphate5h2o	Glycerol 3-phosphate	MIM:Glycerol_3-phosphate	UNREVIEWED
MIM:Na2so3	Na2SO3 x 5 H2O	MIM:Na2so3_X_5_H2o	HYDRATE_FAMILY_UNREVIEWED
MIM:Nh42ni_So42	(NH4)2Ni(SO4)2 x 6 H2O	MIM:Nh42ni_So42_X_6_H2o	HYDRATE_FAMILY_UNREVIEWED
MIM:Palatinose	palatinose hydrate	MIM:Palatinose_Hydrate	HYDRATE_FAMILY_UNREVIEWED
MIM:Phosphorous_Acid	Sodium phosphite dibasic pentahydrate	MIM:Sodium_Phosphite_Dibasic_Pentahydrate	HYDRATE_FAMILY_UNREVIEWED
MIM:Sn-Glycerol_3-phosphate_Lithium_Salt	Glycerol 3-phosphate	MIM:Glycerol_3-phosphate	UNREVIEWED
MIM:Sn-glycerol_3-phosphate_Bis_Cyclohexylammonium_Salt	Glycerol 3-phosphate	MIM:Glycerol_3-phosphate	UNREVIEWED
MIM:Sodium_Carbonate_Monohydrate	Sodium carbonate solution	MIM:Sodium_Carbonate_Solution	HYDRATE_FAMILY_UNREVIEWED
MIM:Sodium_Deoxycholate	Sodium deoxycholate monohydrate	MIM:Sodium_Deoxycholate_Monohydrate	HYDRATE_FAMILY_UNREVIEWED
MIM:Sodium_Nitrate_070_M_Stock	NaNO3	MIM:Nano3	UNREVIEWED
MIM:Sodium_Perchlorate	Sodium perchlorate monohydrate	MIM:Sodium_Perchlorate_Monohydrate	HYDRATE_FAMILY_UNREVIEWED
MIM:Sodium_Succinate_Dibasic	Sodium succinate	MIM:Sodium_Succinate	UNREVIEWED
MIM:Stachyose_-_70	Stachyose hydrate	MIM:Stachyose_Hydrate	HYDRATE_FAMILY_UNREVIEWED
MIM:Vancomycin_Hydrochloride_From_Streptomyces_Orientalis	Vancomycin Hydrochloride Hydrate	MIM:Vancomycin_Hydrochloride_Hydrate	HYDRATE_FAMILY_UNREVIEWED
