label	occurrences	source_columns	already_in_mim
indole	6005	BacDive_Metabolite_production|BacDive_Metabolite_utilization	yes
esculin	3569	BacDive_Metabolite_production|BacDive_Metabolite_utilization	no
D-glucose	3377	BacDive_Metabolite_production|BacDive_Metabolite_utilization	yes
glucose	3329	BacDive_Metabolite_utilization	yes
cellobiose	2622	BacDive_Metabolite_utilization	yes
maltose	2536	BacDive_Metabolite_production|BacDive_Metabolite_utilization	yes
hydrogen sulfide	2365	BacDive_Metabolite_production|BacDive_Metabolite_utilization	yes
nitrate	2321	BacDive_Metabolite_production|BacDive_Metabolite_utilization	no
D-mannose	2257	BacDive_Metabolite_production|BacDive_Metabolite_utilization	yes
D-fructose	2179	BacDive_Metabolite_utilization	yes
fructose	2169	BacDive_Metabolite_utilization	yes
arabinose	1998	BacDive_Metabolite_utilization	yes
acetoin	1908	BacDive_Metabolite_production|BacDive_Metabolite_utilization	no
gelatin	1699	BacDive_Metabolite_production|BacDive_Metabolite_utilization	yes
D-mannitol	1659	BacDive_Metabolite_production|BacDive_Metabolite_utilization	yes
citrate	1654	BacDive_Metabolite_production|BacDive_Metabolite_utilization	yes
D-galactose	1489	BacDive_Metabolite_utilization	yes
galactose	1352	BacDive_Metabolite_utilization	yes
acetate	1342	BacDive_Metabolite_production|BacDive_Metabolite_utilization	yes
sucrose	1265	BacDive_Metabolite_utilization	yes
0129 (2	1212	BacDive_Antibiotic_resistance|BacDive_Antibiotic_sensitivity	no
4-Diamino-6	1212	BacDive_Antibiotic_resistance|BacDive_Antibiotic_sensitivity	no
7-di-iso-propylpteridine phosphate)	1212	BacDive_Antibiotic_resistance|BacDive_Antibiotic_sensitivity	no
lactose	1209	BacDive_Metabolite_utilization	yes
mannose	1180	BacDive_Metabolite_utilization	no
mannitol	1116	BacDive_Metabolite_utilization	yes
malate	1076	BacDive_Metabolite_utilization	yes
D-ribose	1069	BacDive_Metabolite_utilization	yes
glycerol	1052	BacDive_Metabolite_utilization	yes
arginine	947	BacDive_Metabolite_utilization	yes
gluconate	936	BacDive_Metabolite_utilization	no
L-arabinose	911	BacDive_Metabolite_utilization	yes
N-acetylglucosamine	856	BacDive_Metabolite_utilization	yes
D-xylose	828	BacDive_Metabolite_utilization	yes
arbutin	792	BacDive_Metabolite_utilization	no
chloramphenicol	757	BacDive_Antibiotic_resistance|BacDive_Antibiotic_sensitivity|BacDive_Metabolite_production	yes
ampicillin	734	BacDive_Antibiotic_resistance|BacDive_Antibiotic_sensitivity|BacDive_Metabolite_utilization	yes
amygdalin	720	BacDive_Metabolite_utilization	no
glycogen	662	BacDive_Metabolite_utilization	yes
kanamycin	662	BacDive_Antibiotic_resistance|BacDive_Antibiotic_sensitivity|BacDive_Metabolite_production	yes
raffinose	643	BacDive_Metabolite_utilization	yes
gentamicin	638	BacDive_Antibiotic_resistance|BacDive_Antibiotic_sensitivity|BacDive_Metabolite_production	no
alanine	620	BacDive_Metabolite_production|BacDive_Metabolite_utilization	yes
urea	592	BacDive_Metabolite_production|BacDive_Metabolite_utilization	yes
melibiose	579	BacDive_Metabolite_utilization	yes
hippurate	565	BacDive_Metabolite_utilization	no
rhamnose	557	BacDive_Metabolite_utilization	no
lactate	555	BacDive_Metabolite_production|BacDive_Metabolite_utilization	yes
casein	546	BacDive_Metabolite_production|BacDive_Metabolite_utilization	yes
erythromycin	532	BacDive_Antibiotic_resistance|BacDive_Antibiotic_sensitivity|BacDive_Metabolite_production	yes
streptomycin	531	BacDive_Antibiotic_resistance|BacDive_Antibiotic_sensitivity|BacDive_Metabolite_production	no
dextrin	513	BacDive_Metabolite_utilization	yes
tetracycline	503	BacDive_Antibiotic_resistance|BacDive_Antibiotic_sensitivity	yes
adipate	466	BacDive_Metabolite_utilization	no
glutamate	465	BacDive_Metabolite_production|BacDive_Metabolite_utilization	no
trehalose	432	BacDive_Metabolite_utilization	yes
aspartate	431	BacDive_Metabolite_utilization	no
cellulose	425	BacDive_Metabolite_production|BacDive_Metabolite_utilization	yes
myo-inositol	421	BacDive_Metabolite_utilization	yes
xylose	404	BacDive_Metabolite_utilization	yes
novobiocin	394	BacDive_Antibiotic_resistance|BacDive_Antibiotic_sensitivity	no
alpha-D-glucose	393	BacDive_Metabolite_utilization	yes
decanoate	392	BacDive_Metabolite_utilization	no
3-hydroxybutyrate	391	BacDive_Metabolite_production|BacDive_Metabolite_utilization	no
pyruvate	381	BacDive_Metabolite_production|BacDive_Metabolite_utilization	yes
D-sorbitol	380	BacDive_Metabolite_utilization	yes
neomycin	368	BacDive_Antibiotic_resistance|BacDive_Antibiotic_sensitivity|BacDive_Metabolite_production	yes
nalidixic acid	364	BacDive_Antibiotic_resistance|BacDive_Antibiotic_sensitivity|BacDive_Metabolite_utilization	no
penicillin g	353	BacDive_Antibiotic_resistance|BacDive_Antibiotic_sensitivity	yes
rifampicin	334	BacDive_Antibiotic_resistance|BacDive_Antibiotic_sensitivity	yes
D-arabinose	332	BacDive_Metabolite_utilization	yes
D-arabitol	331	BacDive_Metabolite_utilization	no
ribose	325	BacDive_Metabolite_utilization	yes
asparagine	320	BacDive_Metabolite_utilization	yes
nitrite	319	BacDive_Metabolite_production|BacDive_Metabolite_utilization	no
tween 80	319	BacDive_Antibiotic_resistance|BacDive_Metabolite_utilization	yes
fucose	302	BacDive_Metabolite_utilization	yes
ornithine	295	BacDive_Metabolite_utilization	no
5-dehydro-D-gluconate	288	BacDive_Metabolite_production|BacDive_Metabolite_utilization	no
L-rhamnose	287	BacDive_Metabolite_utilization	yes
lysine	285	BacDive_Metabolite_production|BacDive_Metabolite_utilization	no
lincomycin	281	BacDive_Antibiotic_resistance|BacDive_Antibiotic_sensitivity	no
gentiobiose	279	BacDive_Metabolite_utilization	no
succinate	273	BacDive_Metabolite_production|BacDive_Metabolite_utilization	yes
polymyxin b	272	BacDive_Antibiotic_resistance|BacDive_Antibiotic_sensitivity	no
starch	271	BacDive_Metabolite_production|BacDive_Metabolite_utilization	yes
carbenicillin	269	BacDive_Antibiotic_resistance|BacDive_Antibiotic_sensitivity	yes
salicin	265	BacDive_Metabolite_utilization	no
formate	257	BacDive_Metabolite_production|BacDive_Metabolite_utilization	no
2-oxoglutarate	255	BacDive_Metabolite_utilization	yes
vancomycin	251	BacDive_Antibiotic_resistance|BacDive_Antibiotic_sensitivity|BacDive_Metabolite_production	no
tween 20	232	BacDive_Metabolite_production|BacDive_Metabolite_utilization	yes
tween 40	223	BacDive_Metabolite_utilization	yes
ciprofloxacin	218	BacDive_Antibiotic_resistance|BacDive_Antibiotic_sensitivity	no
ethanol	218	BacDive_Metabolite_production|BacDive_Metabolite_utilization	yes
alpha-cyclodextrin	216	BacDive_Metabolite_utilization	no
sorbitol	210	BacDive_Metabolite_utilization	yes
acetoacetate	206	BacDive_Metabolite_utilization	no
propionate	205	BacDive_Metabolite_production|BacDive_Metabolite_utilization	no
penicillin	201	BacDive_Antibiotic_resistance|BacDive_Antibiotic_sensitivity	yes
D-fucose	200	BacDive_Metabolite_utilization	no
Amikacin	192	BacDive_Antibiotic_resistance|BacDive_Antibiotic_sensitivity	no
D-tagatose	185	BacDive_Metabolite_utilization	no
proline	175	BacDive_Metabolite_production|BacDive_Metabolite_utilization	yes
histidine	169	BacDive_Metabolite_utilization	yes
bromosuccinate	165	BacDive_Metabolite_utilization	no
2-oxopentanoate	164	BacDive_Metabolite_utilization	no
esculin ferric citrate	164	BacDive_Metabolite_production|BacDive_Metabolite_utilization	no
D-lyxose	159	BacDive_Metabolite_utilization	yes
glycine	156	BacDive_Metabolite_utilization	yes
L-glutamate	156	BacDive_Metabolite_production|BacDive_Metabolite_utilization	yes
2-dehydro-D-gluconate	152	BacDive_Metabolite_production|BacDive_Metabolite_utilization	no
2-hydroxybutyrate	150	BacDive_Metabolite_utilization	no
2-oxobutanoate	146	BacDive_Metabolite_utilization	no
L-alanine	146	BacDive_Metabolite_utilization	yes
tryptophan	145	BacDive_Metabolite_production|BacDive_Metabolite_utilization	yes
D-gluconate	143	BacDive_Metabolite_production|BacDive_Metabolite_utilization	no
L-arabitol	139	BacDive_Metabolite_utilization	yes
bacitracin	138	BacDive_Antibiotic_resistance|BacDive_Antibiotic_sensitivity	yes
dna	137	BacDive_Metabolite_utilization	yes
D-galacturonic acid	135	BacDive_Metabolite_utilization	yes
amoxicillin	133	BacDive_Antibiotic_resistance|BacDive_Antibiotic_sensitivity	yes
malonate	131	BacDive_Metabolite_utilization	no
leucine	129	BacDive_Metabolite_production|BacDive_Metabolite_utilization	yes
alpha-lactose	126	BacDive_Metabolite_utilization	yes
(S)-lactate	123	BacDive_Metabolite_production|BacDive_Metabolite_utilization	yes
carboxymethylcellulose	120	BacDive_Metabolite_utilization	yes
ceftriaxone	118	BacDive_Antibiotic_resistance|BacDive_Antibiotic_sensitivity	no
PYG	114	bergey:substrates	no
D-fructose 6-phosphate	112	BacDive_Metabolite_utilization	yes
cefazolin	108	BacDive_Antibiotic_resistance|BacDive_Antibiotic_sensitivity	no
sulfamethoxazole	106	BacDive_Antibiotic_resistance|BacDive_Antibiotic_sensitivity	yes
cephalothin	105	BacDive_Antibiotic_resistance|BacDive_Antibiotic_sensitivity	no
aztreonam	104	BacDive_Antibiotic_resistance|BacDive_Antibiotic_sensitivity|BacDive_Metabolite_utilization	yes
beta-hydroxybutyrate	104	BacDive_Metabolite_production|BacDive_Metabolite_utilization	no
clindamycin	104	BacDive_Antibiotic_resistance|BacDive_Antibiotic_sensitivity	no
oleandomycin	104	BacDive_Antibiotic_resistance|BacDive_Antibiotic_sensitivity	no
fumarate	103	BacDive_Metabolite_production|BacDive_Metabolite_utilization	no
L-proline	103	BacDive_Metabolite_utilization	yes
norfloxacin	103	BacDive_Antibiotic_resistance|BacDive_Antibiotic_sensitivity	yes
4-hydroxybenzoate	102	BacDive_Metabolite_utilization	yes
acetic acid	102	BacDive_Metabolite_production|BacDive_Metabolite_utilization	yes
dinitrogen	102	BacDive_Metabolite_production|BacDive_Metabolite_utilization	yes
H2 + CO2	100	bergey:substrates|literature:substrates	no
methyl pyruvate	98	BacDive_Metabolite_utilization	no
tween 60	98	BacDive_Metabolite_utilization	yes
3-butanediol	94	BacDive_Metabolite_utilization	no
4-hydroxy-L-proline	94	BacDive_Metabolite_utilization	no
cefotaxime	92	BacDive_Antibiotic_resistance|BacDive_Antibiotic_sensitivity	no
ceftazidime	91	BacDive_Antibiotic_resistance|BacDive_Antibiotic_sensitivity	no
D-glucuronate	89	BacDive_Metabolite_utilization	no
trimethoprim	88	BacDive_Antibiotic_resistance|BacDive_Antibiotic_sensitivity	yes
glucuronamide	87	BacDive_Metabolite_utilization	yes
L-arginine	87	BacDive_Metabolite_utilization	yes
L-fucose	87	BacDive_Metabolite_utilization	yes
serine	87	BacDive_Metabolite_utilization	no
D-trehalose	86	BacDive_Metabolite_utilization	yes
inositol	86	BacDive_Metabolite_utilization	yes
butyrate	84	BacDive_Metabolite_production|BacDive_Metabolite_utilization	no
#Milk	83	BacDive_Isolation_category_3|BacDive_Metabolite_utilization	no
ammonium	81	BacDive_Metabolite_production|BacDive_Metabolite_utilization	no
tobramycin	80	BacDive_Antibiotic_resistance|BacDive_Antibiotic_sensitivity|BacDive_Metabolite_production	no
D-alanine	77	BacDive_Metabolite_utilization	yes
phenylacetate	77	BacDive_Metabolite_production|BacDive_Metabolite_utilization	no
4-hydroxyphenylacetic acid	75	BacDive_Metabolite_utilization	no
L-histidine	75	BacDive_Metabolite_utilization	yes
elemental sulfur	74	BacDive_Antibiotic_sensitivity|BacDive_Metabolite_production|BacDive_Metabolite_utilization	no
L-alaninamide	73	BacDive_Metabolite_utilization	no
3-hydroxybenzoate	72	BacDive_Metabolite_utilization	no
galacturonate	72	BacDive_Metabolite_utilization	no
inosine	72	BacDive_Metabolite_utilization	yes
sulfide	71	BacDive_Metabolite_production|BacDive_Metabolite_utilization	no
L-tyrosine	70	BacDive_Metabolite_utilization	yes
L-asparagine	69	BacDive_Metabolite_utilization	yes
cefuroxime	68	BacDive_Antibiotic_resistance|BacDive_Antibiotic_sensitivity	no
D-glucose 6-phosphate	68	BacDive_Metabolite_utilization	no
doxycycline	68	BacDive_Antibiotic_resistance|BacDive_Antibiotic_sensitivity	no
melezitose	67	BacDive_Metabolite_utilization	no
cefalotin	66	BacDive_Antibiotic_resistance|BacDive_Antibiotic_sensitivity	no
casamino acids	65	BacDive_Metabolite_utilization	yes
hypoxanthine	65	BacDive_Metabolite_utilization	yes
L-aspartate	65	BacDive_Metabolite_utilization	no
ofloxacin	65	BacDive_Antibiotic_resistance|BacDive_Antibiotic_sensitivity	yes
4-hydroxybutyrate	64	BacDive_Metabolite_utilization	no
cefoxitin	63	BacDive_Antibiotic_resistance|BacDive_Antibiotic_sensitivity	no
inulin	63	BacDive_Metabolite_utilization	yes
oxacillin	63	BacDive_Antibiotic_resistance|BacDive_Antibiotic_sensitivity|BacDive_Metabolite_utilization	no
thiosulfate	63	BacDive_Metabolite_utilization	yes
cefoperazone	62	BacDive_Antibiotic_resistance|BacDive_Antibiotic_sensitivity	no
fusidate	61	BacDive_Antibiotic_resistance|BacDive_Antibiotic_sensitivity|BacDive_Metabolite_utilization	no
cephalexin	60	BacDive_Antibiotic_resistance|BacDive_Antibiotic_sensitivity|BacDive_Metabolite_utilization	yes
chitin	60	BacDive_Metabolite_utilization	yes
minocycline	60	BacDive_Antibiotic_resistance|BacDive_Antibiotic_sensitivity|BacDive_Metabolite_utilization	no
1 % sodium lactate	59	BacDive_Antibiotic_resistance|BacDive_Antibiotic_sensitivity|BacDive_Metabolite_utilization	no
potassium gluconate	59	BacDive_Metabolite_utilization	no
3-O-methyl-D-glucose	58	BacDive_Metabolite_utilization	no
cis-aconitate	58	BacDive_Metabolite_utilization	no
glucosamine	55	BacDive_Metabolite_utilization	no
phenylalanine	55	BacDive_Metabolite_production|BacDive_Metabolite_utilization	yes
4-nitrophenyl beta-D-galactopyranoside	54	BacDive_Enzyme_activity|BacDive_Metabolite_utilization	yes
L-serine	54	BacDive_Metabolite_utilization	yes
D-tryptophan	53	BacDive_Metabolite_utilization	yes
alginate	52	BacDive_Metabolite_utilization	no
spectinomycin	50	BacDive_Antibiotic_resistance|BacDive_Antibiotic_sensitivity|BacDive_Metabolite_production	no
ribitol	49	BacDive_Metabolite_utilization	no
L-malate	48	BacDive_Metabolite_utilization	no
methyl alpha-D-glucopyranoside	48	BacDive_Metabolite_utilization	yes
nitrofurantoin	48	BacDive_Antibiotic_resistance|BacDive_Antibiotic_sensitivity	yes
peptone	48	BacDive_Metabolite_utilization	yes
turanose	48	BacDive_Metabolite_utilization	no
Potassium 5-ketogluconate	47	BacDive_Metabolite_utilization	no
melanin	46	BacDive_Metabolite_production	no
yeast extract	46	BacDive_Metabolite_utilization	yes
erythritol	45	BacDive_Antibiotic_sensitivity|BacDive_Metabolite_utilization	no
valerate	45	BacDive_Metabolite_utilization	no
clarithromycin	43	BacDive_Antibiotic_resistance|BacDive_Antibiotic_sensitivity	yes
imipenem	42	BacDive_Antibiotic_resistance|BacDive_Antibiotic_sensitivity	no
piperacillin	42	BacDive_Antibiotic_resistance|BacDive_Antibiotic_sensitivity	no
colistin	41	BacDive_Antibiotic_resistance|BacDive_Antibiotic_sensitivity	no
dihydrogen	41	BacDive_Metabolite_production|BacDive_Metabolite_utilization	yes
methyl beta-D-glucopyranoside	41	BacDive_Metabolite_utilization	yes
oxytetracycline	41	BacDive_Antibiotic_resistance|BacDive_Antibiotic_sensitivity|BacDive_Metabolite_production	no
butanol	39	BacDive_Metabolite_production|BacDive_Metabolite_utilization	yes
galactitol	39	BacDive_Metabolite_utilization	no
gamma-aminobutyric acid	39	BacDive_Metabolite_production|BacDive_Metabolite_utilization	yes
itaconate	39	BacDive_Metabolite_utilization	no
cephradine	38	BacDive_Antibiotic_resistance|BacDive_Antibiotic_sensitivity	yes
potassium 5-dehydro-D-gluconate	38	BacDive_Metabolite_utilization	no
co-trimoxazole	37	BacDive_Antibiotic_resistance|BacDive_Antibiotic_sensitivity	no
pullulan	37	BacDive_Metabolite_utilization	yes
sodium citrate	37	BacDive_Metabolite_utilization	yes
tyrosine	37	BacDive_Antibiotic_resistance|BacDive_Metabolite_utilization	yes
carbon dioxide	36	BacDive_Metabolite_production|BacDive_Metabolite_utilization	yes
d-serine	36	BacDive_Antibiotic_resistance|BacDive_Antibiotic_sensitivity|BacDive_Metabolite_utilization	yes
lithium chloride	36	BacDive_Antibiotic_resistance|BacDive_Antibiotic_sensitivity|BacDive_Metabolite_utilization	no
agar	35	BacDive_Metabolite_utilization	yes
creatine	35	BacDive_Metabolite_utilization	yes
D-malate	33	BacDive_Metabolite_utilization	no
L-lysine	33	BacDive_Metabolite_utilization	yes
potassium tellurite	33	BacDive_Antibiotic_resistance|BacDive_Antibiotic_sensitivity|BacDive_Metabolite_utilization	no
guanidinium chloride	32	BacDive_Antibiotic_resistance|BacDive_Antibiotic_sensitivity|BacDive_Metabolite_utilization	no
benzoate	31	BacDive_Metabolite_utilization	no
sodium thiosulfate	31	BacDive_Metabolite_utilization	no
threonine	31	BacDive_Metabolite_utilization	no
D-aspartate	30	BacDive_Metabolite_utilization	no
acetylspiramycin	29	BacDive_Antibiotic_resistance|BacDive_Antibiotic_sensitivity	no
cefepime	29	BacDive_Antibiotic_resistance|BacDive_Antibiotic_sensitivity	no
clavulanic acid	29	BacDive_Antibiotic_resistance|BacDive_Antibiotic_sensitivity	no
polymyxin	29	BacDive_Antibiotic_resistance|BacDive_Antibiotic_sensitivity	no
xylitol	29	BacDive_Metabolite_utilization	yes
D-rhamnose	28	BacDive_Metabolite_utilization	no
glycyl-l-glutamate	28	BacDive_Metabolite_utilization	no
rifamycin sv	28	BacDive_Antibiotic_resistance|BacDive_Antibiotic_sensitivity	no
sulfate	28	BacDive_Antibiotic_sensitivity|BacDive_Metabolite_utilization	no
citric acid	27	BacDive_Metabolite_utilization	yes
DL-carnitine	27	BacDive_Metabolite_utilization	yes
L-cysteine	27	BacDive_Metabolite_utilization	yes
metronidazole	27	BacDive_Antibiotic_resistance|BacDive_Antibiotic_sensitivity	yes
nystatin	27	BacDive_Antibiotic_resistance|BacDive_Antibiotic_sensitivity	no
(-)-quinic acid	27	BacDive_Metabolite_utilization	no
beta-alanine	26	BacDive_Metabolite_utilization	yes
L-sorbose	26	BacDive_Metabolite_utilization	no
methyl D-glucoside	26	BacDive_Metabolite_utilization	no
sulfite	26	BacDive_Metabolite_utilization	no
D-glucarate	25	BacDive_Metabolite_utilization	no
furazolidone	25	BacDive_Antibiotic_resistance|BacDive_Antibiotic_sensitivity|BacDive_Metabolite_utilization	no
methanol	25	BacDive_Metabolite_utilization	yes
troleandomycin	25	BacDive_Antibiotic_resistance|BacDive_Antibiotic_sensitivity	no
alpha-hydroxybutyrate	24	BacDive_Metabolite_utilization	no
cloxacillin	24	BacDive_Antibiotic_resistance|BacDive_Antibiotic_sensitivity	no
hygromycin	24	BacDive_Antibiotic_resistance|BacDive_Antibiotic_sensitivity|BacDive_Metabolite_production	no
niaproof	24	BacDive_Antibiotic_resistance|BacDive_Antibiotic_sensitivity	no
sodium bromate	24	BacDive_Antibiotic_resistance|BacDive_Antibiotic_sensitivity|BacDive_Metabolite_utilization	yes
adenine	23	BacDive_Metabolite_utilization	yes
adenosine	23	BacDive_Metabolite_utilization	yes
cefotaxime sodium	23	BacDive_Antibiotic_resistance|BacDive_Antibiotic_sensitivity	no
ethanolamine	23	BacDive_Metabolite_utilization	yes
L-phenylalanine	23	BacDive_Metabolite_utilization	yes
tetrathionate	23	BacDive_Metabolite_utilization	no
ammonia	22	BacDive_Metabolite_production|BacDive_Metabolite_utilization	no
L-alanine 4-nitroanilide	22	BacDive_Metabolite_utilization	no
azithromycin	21	BacDive_Antibiotic_resistance|BacDive_Antibiotic_sensitivity	no
D-galactonic acid lactone	21	BacDive_Metabolite_utilization	no
galactonate	21	BacDive_Metabolite_utilization	no
ammonium chloride	20	BacDive_Metabolite_utilization	yes
bacteriochlorophyll alpha	20	BacDive_Metabolite_production	no
N-acetyl-D-glucosamine	20	BacDive_Metabolite_utilization	yes
tryptone	20	BacDive_Metabolite_utilization	yes
4-nitrophenyl beta-D-galactopyranoside hydrolysate	19	BacDive_Metabolite_utilization	no
apramycin	19	BacDive_Antibiotic_resistance|BacDive_Antibiotic_sensitivity|BacDive_Metabolite_production	no
casein hydrolysate	19	BacDive_Metabolite_utilization	yes
cycloheximide	19	BacDive_Antibiotic_resistance|BacDive_Antibiotic_sensitivity	yes
D-psicose	19	BacDive_Metabolite_utilization	no
dextran	19	BacDive_Metabolite_production|BacDive_Metabolite_utilization	yes
L-lactate	19	BacDive_Metabolite_production|BacDive_Metabolite_utilization	yes
(R)-lactate	19	BacDive_Metabolite_production|BacDive_Metabolite_utilization	no
4-nitrophenyl beta-D-glucopyranoside	18	BacDive_Metabolite_utilization	no
cobalamin	18	BacDive_Metabolite_production|BacDive_Metabolite_utilization	yes
fosfomycin	18	BacDive_Antibiotic_resistance|BacDive_Antibiotic_sensitivity|BacDive_Metabolite_production	no
L-leucine	18	BacDive_Metabolite_utilization	yes
L-ornithine	18	BacDive_Metabolite_utilization	yes
netilmycin	18	BacDive_Antibiotic_resistance|BacDive_Antibiotic_sensitivity	no
optochin	18	BacDive_Antibiotic_resistance|BacDive_Antibiotic_sensitivity	no
(R)-malic acid	18	BacDive_Metabolite_utilization	no
(S)-malic acid	18	BacDive_Metabolite_utilization	no
sodium butyrate	18	BacDive_Antibiotic_resistance|BacDive_Antibiotic_sensitivity|BacDive_Metabolite_utilization	yes
bis-4-nitrophenyl phosphate	17	BacDive_Metabolite_utilization	no
cephalosporin	17	BacDive_Antibiotic_resistance|BacDive_Antibiotic_sensitivity	no
D-lactate	17	BacDive_Metabolite_production|BacDive_Metabolite_utilization	no
dioxygen	17	BacDive_Metabolite_utilization	no
glycyl L-aspartic acid	17	BacDive_Metabolite_utilization	no
L-threonine	17	BacDive_Metabolite_utilization	yes
sodium chloride	17	BacDive_Antibiotic_resistance|BacDive_Antibiotic_sensitivity|BacDive_Metabolite_utilization	yes
tetrazolium blue	17	BacDive_Antibiotic_resistance|BacDive_Antibiotic_sensitivity	no
xylan	17	BacDive_Metabolite_utilization	yes
cysteine	16	BacDive_Metabolite_utilization	yes
D-glucosaminic acid	16	BacDive_Metabolite_utilization	no
D-saccharate	16	BacDive_Metabolite_utilization	no
L-glutamine	16	BacDive_Metabolite_utilization	yes
linezolid	16	BacDive_Antibiotic_resistance|BacDive_Antibiotic_sensitivity	yes
pectin	16	BacDive_Metabolite_utilization	yes
polysaccharides	16	BacDive_Metabolite_production	no
putrescine	16	BacDive_Metabolite_utilization	yes
sodium acetate	16	BacDive_Metabolite_utilization	yes
suberic acid	16	BacDive_Metabolite_utilization	yes
thiostrepton	16	BacDive_Antibiotic_resistance|BacDive_Antibiotic_sensitivity|BacDive_Metabolite_production	no
vibriostat	16	BacDive_Antibiotic_resistance|BacDive_Antibiotic_sensitivity	no
2-deoxyadenosine	15	BacDive_Metabolite_utilization	no
2-oxogluconate	15	BacDive_Metabolite_utilization	no
galactarate	15	BacDive_Metabolite_utilization	no
sulbactam	15	BacDive_Antibiotic_resistance|BacDive_Antibiotic_sensitivity	no
tetrazolium violet	15	BacDive_Antibiotic_resistance|BacDive_Antibiotic_sensitivity|BacDive_Metabolite_utilization	yes
cefixime	14	BacDive_Antibiotic_resistance|BacDive_Antibiotic_sensitivity	no
dihydroxyacetone	14	BacDive_Metabolite_production|BacDive_Metabolite_utilization	yes
glutamine	14	BacDive_Metabolite_utilization	yes
polyhydroxybutyrate	14	BacDive_Metabolite_production	yes
sugars	13	bergey:substrates	no
alpha-D-glucose 6-phosphate	13	BacDive_Metabolite_utilization	no
azelaate	13	BacDive_Metabolite_utilization	no
chlortetracyclin	13	BacDive_Antibiotic_resistance|BacDive_Antibiotic_sensitivity	no
D-glucosamine	13	BacDive_Metabolite_utilization	no
ferric citrate	13	BacDive_Metabolite_production|BacDive_Metabolite_utilization	yes
glycine-proline	13	BacDive_Metabolite_utilization	no
levofloxacin	13	BacDive_Antibiotic_resistance|BacDive_Antibiotic_sensitivity	yes
methyl beta-D-xylopyranoside	13	BacDive_Metabolite_utilization	no
oxaloacetate	13	BacDive_Metabolite_utilization	yes
sulfamethoxydiazine	13	BacDive_Antibiotic_resistance|BacDive_Antibiotic_sensitivity	no
dimethylsulfide	12	bergey:substrates	no
ferric iron	12	BacDive_Metabolite_utilization	no
isobutyrate	12	BacDive_Metabolite_production|BacDive_Metabolite_utilization	no
L-cystine	12	BacDive_Metabolite_utilization	yes
magnesium(2+)	12	BacDive_Metabolite_utilization	no
methane	12	BacDive_Metabolite_production|BacDive_Metabolite_utilization	yes
neomycin sulfate	12	BacDive_Antibiotic_resistance|BacDive_Antibiotic_sensitivity	no
skimmed milk	12	BacDive_Metabolite_utilization	yes
trypticase-glucose-yeast extract	11	bergey:substrates	no
4-nitrophenyl alpha-D-glucopyranoside	11	BacDive_Metabolite_utilization	no
4-oxopentanoate	11	BacDive_Metabolite_utilization	no
allantoin	11	BacDive_Metabolite_utilization	yes
arabinitol	11	BacDive_Metabolite_utilization	no
beta-cyclodextrin	11	BacDive_Metabolite_utilization	yes
hexanoate	11	BacDive_Metabolite_production|BacDive_Metabolite_utilization	no
isovalerate	11	BacDive_Metabolite_production|BacDive_Metabolite_utilization	no
L-tryptophan	11	BacDive_Metabolite_production|BacDive_Metabolite_utilization	yes
L-xylose	11	BacDive_Metabolite_utilization	yes
methionine	11	BacDive_Metabolite_utilization	yes
midecamycin	11	BacDive_Antibiotic_resistance|BacDive_Antibiotic_sensitivity	no
(-)-anisomycin	10	BacDive_Antibiotic_resistance|BacDive_Antibiotic_sensitivity	no
propanol	10	BacDive_Metabolite_utilization	no
sulfamerazine	10	BacDive_Antibiotic_resistance|BacDive_Antibiotic_sensitivity	no
teicoplanin	10	BacDive_Antibiotic_resistance|BacDive_Antibiotic_sensitivity	no
xanthine	10	BacDive_Metabolite_utilization	yes
2-aminobutyrate	9	BacDive_Metabolite_utilization	yes
3-O-methyl alpha-D-glucopyranoside	9	BacDive_Metabolite_utilization	no
beef extract	9	BacDive_Metabolite_utilization	yes
beta-gentiobiose	9	BacDive_Metabolite_utilization	no
beta-lactose	9	BacDive_Metabolite_utilization	yes
D-sorbose	9	BacDive_Metabolite_utilization	no
sodium pyruvate	9	BacDive_Metabolite_utilization	yes
thymidine	9	BacDive_Metabolite_utilization	yes
triphenyltetrazolium chloride	9	BacDive_Metabolite_utilization	no
2-propanol+CO2	8	bergey:substrates	no
glucose + yeast extract	8	bergey:substrates	no
acetamide	8	BacDive_Metabolite_utilization	no
agarose	8	BacDive_Metabolite_utilization	yes
amphotericin b	8	BacDive_Antibiotic_resistance|BacDive_Antibiotic_sensitivity|BacDive_Metabolite_production	yes
betaine	8	BacDive_Metabolite_utilization	yes
cefadroxil	8	BacDive_Antibiotic_resistance|BacDive_Antibiotic_sensitivity	no
crotonate	8	BacDive_Metabolite_utilization	yes
D-salicin	8	BacDive_Metabolite_utilization	yes
exopolysaccharide	8	BacDive_Metabolite_production	no
glutaric acid	8	BacDive_Metabolite_utilization	yes
hydroxyproline	8	BacDive_Metabolite_utilization	yes
indole-3-acetic acid	8	BacDive_Metabolite_production|BacDive_Metabolite_utilization	no
laminarin	8	BacDive_Metabolite_utilization	no
lecithin	8	BacDive_Metabolite_utilization	no
maltose hydrate	8	BacDive_Metabolite_utilization	no
meropenem	8	BacDive_Antibiotic_resistance|BacDive_Antibiotic_sensitivity	yes
monomethyl succinate	8	BacDive_Metabolite_utilization	no
O-nitrophenyl-beta-D-galactopyranosid	8	BacDive_Metabolite_production|BacDive_Metabolite_utilization	no
phenol	8	BacDive_Antibiotic_resistance|BacDive_Metabolite_production|BacDive_Metabolite_utilization	yes
potassium 2-dehydro-D-gluconate	8	BacDive_Metabolite_utilization	no
pyrazinamide	8	BacDive_Metabolite_utilization	yes
tributyrin	8	BacDive_Metabolite_utilization	no
2-butanol+CO2	7	bergey:substrates	no
4-aminobutyrate	7	BacDive_Metabolite_utilization	no
4-nitrophenyl beta-D-xylopyranoside	7	BacDive_Metabolite_utilization	no
5-aminovaleric acid	7	BacDive_Metabolite_utilization	yes
ammonium sulfate	7	BacDive_Metabolite_utilization	yes
arsenate	7	BacDive_Metabolite_utilization	yes
beta-d-glucose	7	BacDive_Metabolite_utilization	no
biotin	7	BacDive_Metabolite_utilization	yes
carrageenan	7	BacDive_Metabolite_utilization	no
chitosan	7	BacDive_Metabolite_utilization	yes
dimethyl sulfoxide	7	BacDive_Metabolite_utilization	yes
disodium malate	7	BacDive_Metabolite_utilization	no
dl-alanine	7	BacDive_Metabolite_utilization	no
DL-lactate	7	BacDive_Metabolite_production	no
glucose 1-phosphate	7	BacDive_Metabolite_utilization	no
glycyl-L-proline	7	BacDive_Metabolite_utilization	no
isocitrate	7	BacDive_Metabolite_utilization	no
isoleucine	7	BacDive_Metabolite_production|BacDive_Metabolite_utilization	yes
L-methionine	7	BacDive_Metabolite_utilization	yes
moxifloxacin	7	BacDive_Antibiotic_resistance|BacDive_Antibiotic_sensitivity	yes
trithionate	7	BacDive_Metabolite_utilization	no
uridine	7	BacDive_Metabolite_utilization	yes
3-methylglucose	6	BacDive_Metabolite_utilization	no
beta-D-glucuronic acid	6	BacDive_Metabolite_utilization	no
capreomycin	6	BacDive_Antibiotic_resistance|BacDive_Antibiotic_sensitivity|BacDive_Metabolite_production	no
elastin	6	BacDive_Metabolite_utilization	yes
ertapenem	6	BacDive_Antibiotic_sensitivity	no
esculin hydrolysate	6	BacDive_Metabolite_utilization	no
gellan gum	6	BacDive_Metabolite_utilization	yes
glycolate	6	BacDive_Metabolite_utilization	no
L-alanylglycine	6	BacDive_Metabolite_utilization	no
L-isoleucine	6	BacDive_Metabolite_utilization	yes
L-proline-4-nitroanilide	6	BacDive_Metabolite_utilization	no
methicillin	6	BacDive_Antibiotic_resistance|BacDive_Antibiotic_sensitivity	no
potassium nitrate	6	BacDive_Metabolite_utilization	no
roxithromycin	6	BacDive_Antibiotic_resistance|BacDive_Antibiotic_sensitivity	no
4-aminobenzoate	5	BacDive_Metabolite_utilization	yes
5-oxoproline	5	BacDive_Metabolite_utilization	no
acetone	5	BacDive_Metabolite_production|BacDive_Metabolite_utilization	yes
arabinogalactan	5	BacDive_Metabolite_utilization	no
ascorbate	5	BacDive_Metabolite_utilization	no
bis-4-nitrophenyl-phosphorylcholine	5	BacDive_Metabolite_utilization	no
casitone	5	BacDive_Metabolite_utilization	yes
cefuroxime sodium	5	BacDive_Antibiotic_resistance|BacDive_Antibiotic_sensitivity	no
chondroitin sulfate	5	BacDive_Metabolite_utilization	no
corn oil	5	BacDive_Metabolite_utilization	no
gentisate	5	BacDive_Metabolite_utilization	no
glycerol 3-phosphate	5	BacDive_Metabolite_utilization	no
glyoxylate	5	BacDive_Metabolite_utilization	no
guanine	5	BacDive_Metabolite_utilization	yes
indole-3-acetate	5	BacDive_Metabolite_production	no
L-tartrate	5	BacDive_Metabolite_utilization	yes
meat extract	5	BacDive_Metabolite_utilization	yes
methyl alpha-D-mannoside	5	BacDive_Metabolite_utilization	no
N-acetylgalactosamine	5	BacDive_Metabolite_utilization	no
(2)-D-lactose	4	BacDive_Metabolite_utilization	no
2-deoxythymidine-5'-4-nitrophenyl phosphate	4	BacDive_Metabolite_utilization	no
2-dimethylsuccinic acid	4	BacDive_Metabolite_utilization	no
3-aminobutyrate	4	BacDive_Metabolite_utilization	no
acetylene	4	BacDive_Metabolite_utilization	no
ammonium nitrate	4	BacDive_Metabolite_utilization	yes
amylose	4	BacDive_Metabolite_utilization	no
bis-4-nitrophenyl-phenyl phosphonate	4	BacDive_Metabolite_utilization	no
carnitine	4	BacDive_Metabolite_utilization	no
cefprozil	4	BacDive_Antibiotic_sensitivity	no
collagen	4	BacDive_Metabolite_utilization	no
cyclodextrin	4	BacDive_Antibiotic_resistance|BacDive_Metabolite_utilization	no
enoxacin	4	BacDive_Antibiotic_resistance|BacDive_Antibiotic_sensitivity	no
fluorescein	4	BacDive_Metabolite_production	no
gamma-cyclodextrin	4	BacDive_Metabolite_utilization	no
glucuronate	4	BacDive_Metabolite_utilization	no
gramicidin s	4	BacDive_Antibiotic_resistance|BacDive_Antibiotic_sensitivity	no
L-fructose	4	BacDive_Metabolite_utilization	no
lactulose	4	BacDive_Metabolite_utilization	yes
lomefloxacin	4	BacDive_Antibiotic_resistance|BacDive_Antibiotic_sensitivity	no
lysostaphin	4	BacDive_Antibiotic_sensitivity	no
macrolide antibiotic	4	BacDive_Antibiotic_sensitivity	no
manganese	4	BacDive_Metabolite_utilization	no
methylamine	4	BacDive_Metabolite_utilization	yes
nicotinate	4	BacDive_Metabolite_production|BacDive_Metabolite_utilization	yes
oxolinate	4	BacDive_Antibiotic_resistance|BacDive_Antibiotic_sensitivity	no
Potassium 2-ketogluconate	4	BacDive_Metabolite_utilization	no
protocatechuate	4	BacDive_Metabolite_utilization	no
quinate	4	BacDive_Metabolite_utilization	no
salinomycin	4	BacDive_Antibiotic_resistance	no
sebacic acid	4	BacDive_Metabolite_utilization	yes
siderophore	4	BacDive_Metabolite_production	yes
sorbose	4	BacDive_Metabolite_utilization	no
tazobactam	4	BacDive_Antibiotic_resistance|BacDive_Antibiotic_sensitivity	no
ticarcillin	4	BacDive_Antibiotic_resistance|BacDive_Antibiotic_sensitivity	no
urocanic acid	4	BacDive_Metabolite_utilization	no
yeast extract (0.01 %	4	BacDive_Metabolite_utilization	no
cyclopentanol+CO2	3	bergey:substrates	no
glucose + acetate	3	bergey:substrates	no
H2+methanol	3	bergey:substrates	no
PYGS	3	bergey:substrates	no
sucrose + yeast extract	3	bergey:substrates	no
2-aminopentanoic acid	3	BacDive_Metabolite_utilization	no
2-deoxy-d-ribose	3	BacDive_Metabolite_utilization	yes
2-naphthyl dihydrogen phosphate	3	BacDive_Metabolite_utilization	no
4-nitrophenyl alpha-D-galactoside	3	BacDive_Metabolite_utilization	no
4-nitrophenyl N-acetyl-beta-D-glucosaminide	3	BacDive_Metabolite_utilization	no
aminoglycoside antibiotic	3	BacDive_Antibiotic_sensitivity	no
amp	3	BacDive_Metabolite_utilization	no
aphidicolin	3	BacDive_Antibiotic_resistance|BacDive_Antibiotic_sensitivity	no
bacteriochlorophyll a	3	BacDive_Metabolite_production	no
benzene	3	BacDive_Metabolite_utilization	no
beta-phenylethylamine	3	BacDive_Metabolite_production|BacDive_Metabolite_utilization	no
blasticidin S	3	BacDive_Metabolite_production	no
calcium(2+)	3	BacDive_Metabolite_utilization	no
casamino acids (0.01 %	3	BacDive_Metabolite_utilization	no
cefaclor	3	BacDive_Antibiotic_resistance|BacDive_Antibiotic_sensitivity	yes
cefamandole	3	BacDive_Antibiotic_resistance|BacDive_Antibiotic_sensitivity	no
D-galactonate	3	BacDive_Metabolite_utilization	no
D-lactic acid methyl ester	3	BacDive_Metabolite_utilization	no
desferrioxamine	3	BacDive_Antibiotic_sensitivity	no
dinitrogen oxide	3	BacDive_Metabolite_production|BacDive_Metabolite_utilization	no
disodium fumarate	3	BacDive_Metabolite_utilization	yes
DL-2-gamma-aminobutyrate	3	BacDive_Metabolite_utilization	no
egg yolk	3	BacDive_Metabolite_utilization	yes
enrofloxacin	3	BacDive_Antibiotic_resistance|BacDive_Antibiotic_sensitivity	no
ethambutol	3	BacDive_Antibiotic_resistance|BacDive_Antibiotic_sensitivity	yes
fermented rumen extract	3	BacDive_Metabolite_utilization	no
ferrihydrite	3	BacDive_Metabolite_utilization	yes
fucoidan	3	BacDive_Metabolite_utilization	no
glucomannan	3	BacDive_Metabolite_utilization	no
glutamyl-glutamic acid	3	BacDive_Metabolite_utilization	no
glycerate	3	BacDive_Metabolite_utilization	no
glycerol 1-phosphate	3	BacDive_Metabolite_utilization	no
iron	3	BacDive_Metabolite_utilization	yes
kasugamycin	3	BacDive_Antibiotic_resistance|BacDive_Antibiotic_sensitivity	no
L-galactonic acid gamma-lactone	3	BacDive_Metabolite_utilization	no
L-pyroglutamic acid	3	BacDive_Metabolite_utilization	yes
L-valine	3	BacDive_Metabolite_utilization	yes
maltodextrin	3	BacDive_Metabolite_utilization	yes
manganese dioxide	3	BacDive_Metabolite_utilization	yes
methyl (R)-lactate	3	BacDive_Metabolite_utilization	no
mezlocillin	3	BacDive_Antibiotic_sensitivity	no
natamycin	3	BacDive_Antibiotic_resistance|BacDive_Metabolite_production	no
paromomycin	3	BacDive_Metabolite_production	no
polypeptone	3	BacDive_Metabolite_utilization	yes
pyocyanin	3	BacDive_Antibiotic_sensitivity|BacDive_Metabolite_production	yes
rifamycin	3	BacDive_Antibiotic_resistance|BacDive_Metabolite_production	no
sodium formate	3	BacDive_Antibiotic_resistance|BacDive_Antibiotic_sensitivity	yes
spiramycin	3	BacDive_Antibiotic_resistance|BacDive_Antibiotic_sensitivity|BacDive_Metabolite_production	yes
sulfisoxazole	3	BacDive_Antibiotic_resistance|BacDive_Antibiotic_sensitivity	no
sulfonamide	3	BacDive_Antibiotic_resistance|BacDive_Antibiotic_sensitivity	no
tartrate	3	BacDive_Metabolite_utilization	no
uric acid	3	BacDive_Metabolite_utilization	yes
Vibriostatic agent O/129	3	BacDive_Antibiotic_resistance|BacDive_Antibiotic_sensitivity	no
1-propanol+CO2	2	bergey:substrates	no
BHI	2	bergey:substrates	no
mucin	2	bergey:substrates|literature:substrates	no
peptone + yeast extract	2	bergey:substrates|literature:substrates	no
peptones	2	bergey:substrates	no
PY-cellobiose	2	bergey:substrates	no
1-o-methyl alpha-galactopyranoside	2	BacDive_Metabolite_utilization	no
1% sodium chloride	2	BacDive_Metabolite_utilization	no
2-dichloroethane	2	BacDive_Metabolite_utilization	no
2-propandiol	2	BacDive_Metabolite_utilization	no
4-nitrophenyl 6-O-phosphono-beta-D-galactoside	2	BacDive_Metabolite_utilization	no
4-nitrophenyl beta-D-glucuronide	2	BacDive_Metabolite_utilization	no
5-didehydro-D-gluconate	2	BacDive_Metabolite_production	no
8-azaguanine	2	BacDive_Metabolite_production	no
aburamycin A	2	BacDive_Metabolite_production	yes
aconitate	2	BacDive_Metabolite_utilization	no
actinomycin d	2	BacDive_Antibiotic_sensitivity|BacDive_Metabolite_production	yes
actinomycin X	2	BacDive_Metabolite_production	no
amorphous fe(iii) oxyhydroxid	2	BacDive_Metabolite_utilization	yes
amylopectin	2	BacDive_Metabolite_utilization	no
aureothricin	2	BacDive_Metabolite_production	no
beta-D-galactoside	2	BacDive_Metabolite_utilization	no
beta-D-xylose	2	BacDive_Metabolite_utilization	no
bile acid	2	BacDive_Metabolite_utilization	no
biphenyl	2	BacDive_Antibiotic_resistance|BacDive_Metabolite_utilization	no
carbon monoxide	2	BacDive_Metabolite_utilization	no
cefaloridine	2	BacDive_Antibiotic_resistance|BacDive_Antibiotic_sensitivity	no
cefotetan	2	BacDive_Antibiotic_resistance	no
cinnamycin	2	BacDive_Metabolite_production	no
citraconate	2	BacDive_Metabolite_utilization	no
citrulline	2	BacDive_Metabolite_utilization	yes
colistin sulfate	2	BacDive_Antibiotic_resistance	no
D-glycerate	2	BacDive_Metabolite_utilization	no
D-methionine	2	BacDive_Metabolite_utilization	yes
D-valine	2	BacDive_Metabolite_utilization	no
dactimicin	2	BacDive_Metabolite_production	no
decane	2	BacDive_Metabolite_utilization	yes
dihydrostreptomycin	2	BacDive_Antibiotic_resistance|BacDive_Metabolite_production	no
dimethylamine	2	BacDive_Metabolite_utilization	no
dodecanoate	2	BacDive_Metabolite_utilization	no
doripenem	2	BacDive_Antibiotic_sensitivity	no
ferulate	2	BacDive_Metabolite_utilization	no
fleroxacin	2	BacDive_Antibiotic_resistance	no
folate	2	BacDive_Metabolite_utilization	yes
fungichromin	2	BacDive_Metabolite_production	no
gelatin hydrolyzed	2	BacDive_Metabolite_utilization	no
henicosane	2	BacDive_Metabolite_utilization	no
hopanoid	2	BacDive_Metabolite_production	no
hydroxyethylcellulose	2	BacDive_Metabolite_utilization	no
L-lyxose	2	BacDive_Metabolite_utilization	no
lichenin	2	BacDive_Metabolite_utilization	no
maleic acid	2	BacDive_Metabolite_utilization	yes
malonamide	2	BacDive_Metabolite_utilization	no
maltotriose	2	BacDive_Metabolite_utilization	no
N-acetyl-beta-D-mannosamine	2	BacDive_Metabolite_utilization	no
n-acetyl-D-galactosamine	2	BacDive_Metabolite_utilization	yes
oxalate	2	BacDive_Metabolite_utilization	no
paromomycin sulfate	2	BacDive_Antibiotic_sensitivity	no
phenylethylamine	2	BacDive_Metabolite_utilization	no
polychlorobiphenyl	2	BacDive_Antibiotic_resistance	no
propionamide	2	BacDive_Metabolite_utilization	no
puromycin	2	BacDive_Antibiotic_sensitivity	no
pyocyanine	2	BacDive_Metabolite_production	no
pyrite	2	BacDive_Metabolite_utilization	yes
(R)-amygdalin	2	BacDive_Metabolite_utilization	no
ramoplanin	2	BacDive_Antibiotic_sensitivity	yes
rifabutin	2	BacDive_Antibiotic_sensitivity	no
rifamycin S	2	BacDive_Metabolite_production	no
(S)-mandelic acid	2	BacDive_Metabolite_utilization	no
selenate	2	BacDive_Metabolite_utilization	no
selenite	2	BacDive_Metabolite_utilization	no
setamycin	2	BacDive_Metabolite_production	yes
sodium alginate	2	BacDive_Metabolite_utilization	yes
sodium azide	2	BacDive_Antibiotic_resistance|BacDive_Antibiotic_sensitivity	yes
sodium L-glutamate	2	BacDive_Metabolite_utilization	no
sodium lactate	2	BacDive_Antibiotic_resistance|BacDive_Antibiotic_sensitivity	yes
sodium succinate	2	BacDive_Metabolite_utilization	yes
soyton	2	BacDive_Metabolite_utilization	yes
spiramycin II	2	BacDive_Antibiotic_sensitivity	no
stachyose	2	BacDive_Metabolite_utilization	no
succinamate	2	BacDive_Metabolite_utilization	no
sulfamethizole	2	BacDive_Antibiotic_resistance	yes
tetrazolium	2	BacDive_Metabolite_utilization	no
thiamine	2	BacDive_Metabolite_utilization	yes
thiolutin	2	BacDive_Metabolite_production	no
toluene	2	BacDive_Metabolite_production	yes
trigonelline	2	BacDive_Metabolite_utilization	yes
trimethylamine	2	BacDive_Metabolite_utilization	yes
1-butanol+CO2	1	bergey:substrates	no
3-methylacetate	1	bergey:minor_end_products	no
5-trimethoxybenzoate	1	bergey:substrates	no
alpha-aminobutyrate	1	bergey:minor_end_products	no
aminovalerate	1	bergey:substrates	no
casitone + yeast extract + rumen fluid	1	literature:substrates	no
CMC + PY + horse serum	1	bergey:substrates	no
corn steep liquor + glucose + fumarate	1	literature:substrates	no
Fastidious Anaerobe Broth with meat granules	1	bergey:substrates	no
formate+3-methyl mercaptopropionate	1	bergey:substrates	no
formate+dimethylsulfide	1	bergey:substrates	no
formate+methanol	1	bergey:substrates	no
formate+tetramethylammonium	1	bergey:substrates	no
formate+trimethylamine	1	bergey:substrates	no
gallate + formate	1	bergey:substrates	no
glucose + cellobiose + starch + trypticase + yeast extract	1	literature:substrates	no
glucose + formate	1	bergey:substrates	no
glucose + lactate	1	bergey:substrates	no
glucose + maltose + cellobiose + starch + glycerol	1	literature:substrates	no
glucose peptone-yeast extract	1	bergey:substrates	no
glucose + xylose	1	bergey:substrates	no
GYPS	1	bergey:substrates	no
H2+3-methyl mercaptopropionate	1	bergey:substrates	no
H2+dimethylsulfide	1	bergey:substrates	no
H2+tetramethylammonium	1	bergey:substrates	no
H2+trimethylamine	1	bergey:substrates	no
hydroxyacetophenone	1	bergey:minor_end_products	no
iso-butanol	1	bergey:minor_end_products	no
isopropionate	1	bergey:major_end_products	no
methyamine	1	bergey:substrates	no
modified cooked meat medium	1	bergey:substrates	no
mono- and disaccharides	1	bergey:substrates	no
peptone + beef extract + yeast extract	1	literature:substrates	no
peptone-yeast extract-glucose	1	bergey:substrates	no
purines	1	bergey:substrates	no
PY-fructose	1	bergey:substrates	no
PY-glucose-rumen fluid	1	bergey:substrates	no
PY-maltose	1	bergey:substrates	no
PY-pectin	1	bergey:substrates	no
PYEG	1	bergey:substrates	no
PYG-0.02% Tween 80	1	bergey:substrates	no
PYG + rumen fluid	1	bergey:substrates	no
tartate	1	bergey:substrates	no
trimethyleneglycol	1	bergey:major_end_products	no
TYGVS + glucose	1	bergey:substrates	no
yeast extract + gluconate	1	bergey:substrates	no
yeast extract + glucose	1	bergey:substrates	no
yeast extract + peptone	1	bergey:substrates	no
yeast extract + sulfur	1	bergey:substrates	no
yeast + meat extract + H2	1	bergey:substrates	no
1-chlorobutane	1	BacDive_Metabolite_utilization	no
1-chloropropane	1	BacDive_Metabolite_utilization	no
1-methylphenanthrene	1	BacDive_Metabolite_utilization	no
2-aminobenzoate	1	BacDive_Metabolite_utilization	no
(2)-D-fructose	1	BacDive_Metabolite_utilization	yes
(2)-D-lyxose	1	BacDive_Metabolite_utilization	no
2-dichloropropane	1	BacDive_Metabolite_utilization	no
2-naphthyl tetradecanoate	1	BacDive_Metabolite_utilization	no
2-propanol	1	BacDive_Metabolite_utilization	yes
2-tetrachloroethane	1	BacDive_Metabolite_utilization	no
2-trichloroethane	1	BacDive_Metabolite_utilization	no
3-beta-d-glucan	1	BacDive_Metabolite_utilization	no
3-dehydro-D-gluconate	1	BacDive_Metabolite_utilization	no
3-hydroxy 2-butanone	1	BacDive_Metabolite_utilization	no
3-nitropropanoate	1	BacDive_Metabolite_utilization	no
3-phenylpropionate	1	BacDive_Metabolite_production	no
3-trehalosamine	1	BacDive_Metabolite_production	no
3-trichloropropane	1	BacDive_Metabolite_utilization	no
4-coumarate	1	BacDive_Metabolite_utilization	no
4-dihydroxy-biphenyl	1	BacDive_Metabolite_utilization	no
4-diol	1	BacDive_Metabolite_utilization	no
4-methylumbelliferone beta-d-glucuronide	1	BacDive_Metabolite_utilization	no
4-nitrophenyl-beta-D-galactoside	1	BacDive_Metabolite_utilization	no
4-nitrophenyl phosphate	1	BacDive_Metabolite_utilization	no
4h-pyran-4-one	1	BacDive_Metabolite_production	no
5-didehydro-D-gluconic acid	1	BacDive_Metabolite_production	no
5-fluorouracil	1	BacDive_Antibiotic_resistance	yes
6-deoxy-d-galactose	1	BacDive_Metabolite_utilization	no
abikoviromycin	1	BacDive_Metabolite_production	no
acetomycin	1	BacDive_Metabolite_production	no
achromoviromycin	1	BacDive_Metabolite_production	yes
achromycin	1	BacDive_Metabolite_production	no
acridine orange	1	BacDive_Antibiotic_sensitivity	yes
actinotiocin	1	BacDive_Metabolite_production	yes
adenosine 5'-monophosphate	1	BacDive_Metabolite_utilization	no
alazopeptin	1	BacDive_Metabolite_production	no
alpha-hydroxyglutarate-gamma-lactone	1	BacDive_Metabolite_utilization	no
alpha-L-rhamnose	1	BacDive_Metabolite_utilization	no
althiomycin	1	BacDive_Metabolite_production	no
amicoumacin B	1	BacDive_Metabolite_production	no
amino acid	1	BacDive_Metabolite_utilization	no
aminophenazone	1	BacDive_Metabolite_utilization	no
amorphous iron (iii) oxide	1	BacDive_Metabolite_utilization	yes
amphomycin	1	BacDive_Metabolite_production	no
amphotericin A	1	BacDive_Metabolite_production	yes
angolamycin	1	BacDive_Metabolite_production	yes
angustmycin	1	BacDive_Metabolite_production	yes
anthracene	1	BacDive_Metabolite_utilization	no
anthracycline antibiotic	1	BacDive_Metabolite_production	no
antimonate	1	BacDive_Metabolite_utilization	no
antimycin A3	1	BacDive_Metabolite_production	no
antipyrine	1	BacDive_Metabolite_utilization	yes
ardacin A	1	BacDive_Metabolite_production	yes
ardacin B	1	BacDive_Metabolite_production	yes
ardacin C	1	BacDive_Metabolite_production	yes
ascomycin	1	BacDive_Metabolite_production	no
astaxanthin	1	BacDive_Metabolite_production	no
astromicin	1	BacDive_Metabolite_production	no
avermectin	1	BacDive_Metabolite_production	no
avoparcin	1	BacDive_Metabolite_production	yes
azaserine	1	BacDive_Metabolite_production	no
azomycin	1	BacDive_Metabolite_production	no
azureomycin	1	BacDive_Metabolite_production	yes
bacillomycin	1	BacDive_Antibiotic_sensitivity	no
balhimycin	1	BacDive_Metabolite_production	no
bandamycin	1	BacDive_Metabolite_production	yes
barium chloride	1	BacDive_Metabolite_utilization	yes
benzoin	1	BacDive_Metabolite_utilization	no
benzyl alcohol	1	BacDive_Metabolite_utilization	no
beta-D-fucose	1	BacDive_Metabolite_utilization	no
beta-D-galacto-pyranosyl-D-arabinose	1	BacDive_Metabolite_utilization	no
beta-D-glucan	1	BacDive_Metabolite_utilization	no
bis(2-ethylhexyl)phthalate	1	BacDive_Metabolite_production	no
blasticidin A	1	BacDive_Metabolite_production	no
bleomycin	1	BacDive_Antibiotic_sensitivity	no
bluensomycin	1	BacDive_Metabolite_production	no
borrelidin	1	BacDive_Metabolite_production	no
bottromycin	1	BacDive_Metabolite_production	no
bryamycin	1	BacDive_Metabolite_production	no
butamine	1	BacDive_Metabolite_utilization	no
butan-1-amine	1	BacDive_Metabolite_utilization	no
butane-1	1	BacDive_Metabolite_utilization	no
camphomycin	1	BacDive_Metabolite_production	yes
carbomycin	1	BacDive_Metabolite_production	no
carminate	1	BacDive_Metabolite_utilization	no
carminomycin	1	BacDive_Metabolite_production	no
carotenoid	1	BacDive_Metabolite_production	no
caryomycin	1	BacDive_Metabolite_production	yes
catechol	1	BacDive_Metabolite_utilization	no
cefminox	1	BacDive_Antibiotic_sensitivity	no
cefotiam	1	BacDive_Antibiotic_sensitivity	no
cefpodoxime	1	BacDive_Antibiotic_resistance	no
celesticetin	1	BacDive_Metabolite_production	no
cellostatin	1	BacDive_Metabolite_production	yes
cellotetraose	1	BacDive_Metabolite_utilization	yes
cellotriose	1	BacDive_Metabolite_utilization	yes
Cetocycline	1	BacDive_Metabolite_production	yes
chaninin	1	BacDive_Metabolite_production	yes
chartreusin	1	BacDive_Metabolite_production	no
chloridazon	1	BacDive_Metabolite_utilization	no
chlororaphin	1	BacDive_Metabolite_production	yes
chlortetracycline	1	BacDive_Metabolite_production	no
choline	1	BacDive_Metabolite_utilization	yes
cinerubin R	1	BacDive_Metabolite_production	no
cinoxacin	1	BacDive_Antibiotic_sensitivity	no
citramalate	1	BacDive_Metabolite_utilization	no
cladomycin	1	BacDive_Metabolite_production	yes
clofazimine	1	BacDive_Antibiotic_resistance	yes
collinomycin	1	BacDive_Metabolite_production	yes
congocidin	1	BacDive_Metabolite_production	yes
coumarate	1	BacDive_Metabolite_utilization	no
crude oil	1	BacDive_Metabolite_utilization	no
crystalline cellulose	1	BacDive_Metabolite_utilization	no
curamycin A	1	BacDive_Metabolite_production	no
cycloviracin B1	1	BacDive_Metabolite_production	no
cycloviracin B2	1	BacDive_Metabolite_production	no
cystargin	1	BacDive_Metabolite_production	yes
cystine	1	BacDive_Metabolite_utilization	no
cytochrome	1	BacDive_Metabolite_production	no
cytosine	1	BacDive_Metabolite_utilization	yes
d-cycloserine	1	BacDive_Antibiotic_resistance	yes
(+)-D-glycogen	1	BacDive_Metabolite_utilization	no
D-histidine	1	BacDive_Metabolite_utilization	no
D-leucine	1	BacDive_Metabolite_utilization	yes
D-ornithine	1	BacDive_Metabolite_utilization	no
D-threonine	1	BacDive_Metabolite_utilization	no
daidzein	1	BacDive_Metabolite_production	yes
danomycin	1	BacDive_Metabolite_production	yes
daptomycin	1	BacDive_Antibiotic_resistance	yes
daunorubicin	1	BacDive_Antibiotic_resistance	no
decaplanin	1	BacDive_Metabolite_production	yes
decoyinine	1	BacDive_Metabolite_production	no
diacetyl	1	BacDive_Metabolite_production	no
dibenzofuran	1	BacDive_Metabolite_utilization	yes
digitonin	1	BacDive_Antibiotic_sensitivity	no
dimethyl disulfide	1	BacDive_Metabolite_production	no
dimethyl sulfide	1	BacDive_Metabolite_utilization	yes
diydrogen	1	BacDive_Metabolite_utilization	no
docosane	1	BacDive_Metabolite_utilization	no
dodecane	1	BacDive_Metabolite_utilization	yes
dopsisamine	1	BacDive_Metabolite_production	yes
dotriacontane	1	BacDive_Metabolite_utilization	no
doxorubicin	1	BacDive_Metabolite_production	no
durhamycin	1	BacDive_Metabolite_production	yes
dynemicin	1	BacDive_Metabolite_production	yes
erythromycin A	1	BacDive_Metabolite_production	no
erythromycin B	1	BacDive_Metabolite_production	no
erythrose	1	BacDive_Metabolite_utilization	no
etamycin	1	BacDive_Metabolite_production	yes
ethionamide	1	BacDive_Antibiotic_resistance	yes
Ethylenediamine-N	1	BacDive_Metabolite_production	no
eurocidin	1	BacDive_Metabolite_production	yes
ferric oxide	1	BacDive_Metabolite_utilization	no
ferrous ion	1	BacDive_Metabolite_utilization	no
ferrous sulfate	1	BacDive_Metabolite_utilization	yes
fibrin	1	BacDive_Metabolite_utilization	no
fidaxomicin	1	BacDive_Metabolite_production	no
filipin	1	BacDive_Metabolite_production	no
flavin adenine dinucleotide	1	BacDive_Metabolite_production	yes
flavofungin	1	BacDive_Metabolite_production	yes
fluorene	1	BacDive_Metabolite_utilization	no
formamicin	1	BacDive_Metabolite_production	no
formamide	1	BacDive_Metabolite_utilization	yes
fortimicin B	1	BacDive_Metabolite_production	no
framycetin	1	BacDive_Antibiotic_sensitivity	no
furaxone	1	BacDive_Antibiotic_resistance	no
galactomannan	1	BacDive_Metabolite_utilization	no
gardimycin	1	BacDive_Metabolite_production	yes
gentamicin C2b	1	BacDive_Metabolite_production	no
glutarate	1	BacDive_Metabolite_utilization	no
glutathione	1	BacDive_Metabolite_utilization	yes
glycine 1%	1	BacDive_Metabolite_utilization	no
glycol	1	BacDive_Metabolite_utilization	yes
glycyl-L-bromosuccinic glutamic acid	1	BacDive_Metabolite_utilization	no
glycylglycine	1	BacDive_Metabolite_utilization	yes
glycylglycylglycine	1	BacDive_Metabolite_utilization	no
granaticin	1	BacDive_Metabolite_production	no
griseolutein A	1	BacDive_Metabolite_production	yes
griseolutein B	1	BacDive_Metabolite_production	yes
halomicin	1	BacDive_Metabolite_production	yes
hexadecane	1	BacDive_Metabolite_utilization	yes
hexadecanoate	1	BacDive_Metabolite_utilization	no
hexane	1	BacDive_Metabolite_utilization	no
hitachimycin	1	BacDive_Metabolite_production	yes
hydantoin	1	BacDive_Metabolite_utilization	yes
hydrogen	1	BacDive_Metabolite_production	yes
hydroxystreptomycin	1	BacDive_Metabolite_production	no
hygromycin A	1	BacDive_Metabolite_production	no
icosane	1	BacDive_Metabolite_utilization	no
indigo carmine	1	BacDive_Metabolite_utilization	yes
indolmycin	1	BacDive_Metabolite_production	no
indoxyl acetate	1	BacDive_Metabolite_utilization	no
iodide	1	BacDive_Metabolite_utilization	no
iron trichloride	1	BacDive_Metabolite_utilization	yes
isepamicin	1	BacDive_Antibiotic_sensitivity	no
isocaproate	1	BacDive_Metabolite_production	no
isoorientin	1	BacDive_Metabolite_utilization	no
isophthalate	1	BacDive_Metabolite_utilization	no
isovitexin	1	BacDive_Metabolite_utilization	no
keratin	1	BacDive_Metabolite_utilization	no
kijanimicin	1	BacDive_Metabolite_production	yes
L-galactonate	1	BacDive_Metabolite_utilization	no
L-glutamate-gamma-3-carboxy-4-nitroanilide	1	BacDive_Metabolite_utilization	no
L-histidine 2-naphthylamide	1	BacDive_Metabolite_utilization	no
L-inositol	1	BacDive_Metabolite_utilization	no
L-leucylglycine 2-naphthylamide	1	BacDive_Metabolite_utilization	no
(+)-L-lyxitol	1	BacDive_Metabolite_utilization	no
L-norleucine	1	BacDive_Metabolite_utilization	no
L-proline 2-naphthylamide	1	BacDive_Metabolite_utilization	no
L-pyroglutamic acid 2-naphthylamide	1	BacDive_Metabolite_utilization	no
L-serine 2-naphthylamide	1	BacDive_Metabolite_utilization	no
L-tyrosine 2-naphthylamide	1	BacDive_Metabolite_utilization	no
lactone	1	BacDive_Metabolite_utilization	no
leupeptin	1	BacDive_Metabolite_production	no
lignin	1	BacDive_Metabolite_utilization	no
lomofungin	1	BacDive_Metabolite_production	no
lucimycin	1	BacDive_Metabolite_production	no
lydimycin	1	BacDive_Metabolite_production	yes
lysocellin	1	BacDive_Metabolite_production	no
maltitol	1	BacDive_Metabolite_utilization	yes
marinostatin	1	BacDive_Metabolite_production	no
matamycin	1	BacDive_Metabolite_production	no
medicamycin	1	BacDive_Antibiotic_sensitivity	no
menaquinone	1	BacDive_Antibiotic_sensitivity	no
methacycline	1	BacDive_Antibiotic_sensitivity	no
methyl beta-D-galactoside	1	BacDive_Metabolite_utilization	no
mycobacidin	1	BacDive_Metabolite_production	yes
n-acetyl-neuraminic acid	1	BacDive_Metabolite_utilization	no
n-acetylneuraminate	1	BacDive_Metabolite_utilization	no
N-acetyltyramine	1	BacDive_Metabolite_production	no
N'-disuccinic acid (EDDS)	1	BacDive_Metabolite_production	no
narbomycin	1	BacDive_Metabolite_production	no
neoantimycin	1	BacDive_Metabolite_production	no
neomycin E	1	BacDive_Metabolite_production	no
neomycin F	1	BacDive_Metabolite_production	no
netilmicin	1	BacDive_Antibiotic_sensitivity	no
netropsin	1	BacDive_Metabolite_production	no
niddamycin	1	BacDive_Metabolite_production	no
nisin	1	BacDive_Antibiotic_resistance	yes
nocamycin	1	BacDive_Metabolite_production	yes
nocardimicin G	1	BacDive_Metabolite_production	no
nocardimicin H	1	BacDive_Metabolite_production	no
nocardimicin I	1	BacDive_Metabolite_production	no
nogalamycin	1	BacDive_Metabolite_production	no
nojirimycin	1	BacDive_Metabolite_production	no
nucleocidin	1	BacDive_Metabolite_production	no
nutriacholic acid	1	BacDive_Metabolite_production	no
ossamycin	1	BacDive_Metabolite_production	no
oxamicetin	1	BacDive_Metabolite_production	no
pactamycin	1	BacDive_Metabolite_production	yes
palatinose	1	BacDive_Metabolite_utilization	no
pamamycin	1	BacDive_Metabolite_production	yes
pefloxacin	1	BacDive_Antibiotic_sensitivity	no
peptone (0.01 %	1	BacDive_Metabolite_utilization	no
phenanthrene	1	BacDive_Metabolite_utilization	no
phenoxymethylpenicillin	1	BacDive_Antibiotic_resistance	no
phoslactomycin	1	BacDive_Metabolite_production	yes
phosphocholine	1	BacDive_Metabolite_utilization	no
piperidin-2-one	1	BacDive_Metabolite_production	no
poly-beta-hydroxyalkanoate	1	BacDive_Metabolite_production	no
poly(ethylene terephthalate)	1	BacDive_Metabolite_utilization	no
polygalacturonic acid	1	BacDive_Metabolite_production	yes
porfiromycin	1	BacDive_Metabolite_production	no
porphyrin	1	BacDive_Metabolite_production	no
potassium	1	BacDive_Metabolite_utilization	no
pradimicin	1	BacDive_Metabolite_production	no
pravastatin	1	BacDive_Antibiotic_resistance	no
pristinamycin	1	BacDive_Antibiotic_resistance	no
proteose	1	BacDive_Metabolite_utilization	no
psicofuranine	1	BacDive_Metabolite_production	no
pyrene	1	BacDive_Metabolite_utilization	no
pyridomycin	1	BacDive_Metabolite_production	no
pyrrolidin-2-one	1	BacDive_Metabolite_production	no
pyrrolomycin A	1	BacDive_Metabolite_production	no
pyrrolomycin B	1	BacDive_Metabolite_production	no
resistomycin	1	BacDive_Metabolite_production	no
rhodomycin A	1	BacDive_Metabolite_production	yes
rhodomycin B	1	BacDive_Metabolite_production	no
rifamycin b	1	BacDive_Antibiotic_sensitivity	no
rifamycin O	1	BacDive_Metabolite_production	no
ristocetin A	1	BacDive_Metabolite_production	no
ristocetin B	1	BacDive_Metabolite_production	yes
rna	1	BacDive_Metabolite_utilization	no
rosaramicin	1	BacDive_Metabolite_production	no
roseoflavin	1	BacDive_Metabolite_production	yes
rubrolone	1	BacDive_Metabolite_production	no
(S)-azetidine-2-carboxylic acid	1	BacDive_Metabolite_production	no
sandramycin	1	BacDive_Metabolite_production	no
sarcidin	1	BacDive_Metabolite_production	yes
serum	1	BacDive_Metabolite_utilization	yes
showdomycin	1	BacDive_Metabolite_production	no
simvastatin	1	BacDive_Antibiotic_resistance	yes
sodium(+)	1	BacDive_Metabolite_utilization	no
sodium dodecyl sulfate	1	BacDive_Antibiotic_sensitivity	yes
sodium malonate	1	BacDive_Metabolite_utilization	no
spinosyn	1	BacDive_Metabolite_production	no
staurosporine	1	BacDive_Metabolite_production	no
sterol	1	BacDive_Metabolite_utilization	no
streptolydigin	1	BacDive_Metabolite_production	no
streptovaricin	1	BacDive_Metabolite_production	no
sulfadimethoxine	1	BacDive_Antibiotic_resistance	no
sulfamonomethoxine	1	BacDive_Antibiotic_resistance	yes
sulfanilamide	1	BacDive_Antibiotic_resistance	yes
synanthrin	1	BacDive_Metabolite_utilization	no
synthetic sea salts (sss)	1	BacDive_Metabolite_utilization	no
tagatose	1	BacDive_Metabolite_utilization	no
taurine	1	BacDive_Metabolite_utilization	yes
taurocholate	1	BacDive_Metabolite_production	no
tellurite	1	BacDive_Metabolite_utilization	no
terephthalate	1	BacDive_Metabolite_utilization	no
tertiomycin A	1	BacDive_Metabolite_production	yes
tertiomycin B	1	BacDive_Metabolite_production	yes
tetrabromopyrrole	1	BacDive_Metabolite_production	no
tetraphene	1	BacDive_Metabolite_utilization	no
tetrodotoxin	1	BacDive_Metabolite_production	no
texazone	1	BacDive_Metabolite_production	no
tigecycline	1	BacDive_Antibiotic_sensitivity	no
toyocamycin	1	BacDive_Metabolite_production	no
trans-styrylacetic acid	1	BacDive_Metabolite_production	yes
trimethoxybenzoate	1	BacDive_Metabolite_utilization	no
trimethylamine n-oxide	1	BacDive_Metabolite_utilization	no
tryptone/yeast/beef (tyb)	1	BacDive_Metabolite_utilization	no
tubelactomicin A	1	BacDive_Metabolite_production	no
tubercidin	1	BacDive_Metabolite_production	no
tunicamycin	1	BacDive_Antibiotic_sensitivity	yes
valine	1	BacDive_Metabolite_production	yes
vancoresmycin	1	BacDive_Metabolite_production	no
viomycin	1	BacDive_Metabolite_production	no
virginiamycin	1	BacDive_Antibiotic_resistance	no
vitamin B12	1	BacDive_Metabolite_production	yes
xanthan	1	BacDive_Metabolite_utilization	no
