subject	predicate	object	relation	primary_knowledge_source	knowledge_level	agent_type	original_object	original_subject	publications
MICRO:0000067	biolink:subclass_of	OBI:0000079	rdfs:subClassOf	infores:micro	knowledge_assertion	automated_agent			
MICRO:0000079	biolink:subclass_of	MICRO:0000571	rdfs:subClassOf	infores:micro	knowledge_assertion	automated_agent			
MICRO:0000082	biolink:subclass_of	MICRO:0000067	rdfs:subClassOf	infores:micro	knowledge_assertion	automated_agent			
MICRO:0000094	biolink:subclass_of	MICRO:0000067	rdfs:subClassOf	infores:micro	knowledge_assertion	automated_agent			
MICRO:0000113	biolink:subclass_of	MICRO:0000067	rdfs:subClassOf	infores:micro	knowledge_assertion	automated_agent			
MICRO:0000114	biolink:subclass_of	MICRO:0000067	rdfs:subClassOf	infores:micro	knowledge_assertion	automated_agent			
MICRO:0000116	biolink:subclass_of	CHEBI:60004	rdfs:subClassOf	infores:micro	knowledge_assertion	automated_agent			
MICRO:0000164	biolink:subclass_of	MICRO:0000116	rdfs:subClassOf	infores:micro	knowledge_assertion	automated_agent			
MICRO:0000167	biolink:subclass_of	MICRO:0000164	rdfs:subClassOf	infores:micro	knowledge_assertion	automated_agent			
MICRO:0000169	biolink:subclass_of	MICRO:0001370	rdfs:subClassOf	infores:micro	knowledge_assertion	automated_agent			
MICRO:0000170	biolink:subclass_of	MICRO:0001370	rdfs:subClassOf	infores:micro	knowledge_assertion	automated_agent			
MICRO:0000172	biolink:subclass_of	MICRO:0000167	rdfs:subClassOf	infores:micro	knowledge_assertion	automated_agent			
MICRO:0000173	biolink:subclass_of	MICRO:0000172	rdfs:subClassOf	infores:micro	knowledge_assertion	automated_agent			
MICRO:0000174	biolink:subclass_of	MICRO:0000172	rdfs:subClassOf	infores:micro	knowledge_assertion	automated_agent			
MICRO:0000175	biolink:subclass_of	MICRO:0000606	rdfs:subClassOf	infores:micro	knowledge_assertion	automated_agent			
MICRO:0000176	biolink:subclass_of	MICRO:0000463	rdfs:subClassOf	infores:micro	knowledge_assertion	automated_agent			
MICRO:0000178	biolink:subclass_of	MICRO:0000463	rdfs:subClassOf	infores:micro	knowledge_assertion	automated_agent			
MICRO:0000180	biolink:subclass_of	MICRO:0000463	rdfs:subClassOf	infores:micro	knowledge_assertion	automated_agent			
MICRO:0000181	biolink:subclass_of	MICRO:0000174	rdfs:subClassOf	infores:micro	knowledge_assertion	automated_agent			
MICRO:0000182	biolink:subclass_of	MICRO:0001366	rdfs:subClassOf	infores:micro	knowledge_assertion	automated_agent			
MICRO:0000183	biolink:subclass_of	MICRO:0000463	rdfs:subClassOf	infores:micro	knowledge_assertion	automated_agent			
MICRO:0000193	biolink:subclass_of	MICRO:0000169	rdfs:subClassOf	infores:micro	knowledge_assertion	automated_agent			
MICRO:0000201	biolink:subclass_of	MICRO:0000170	rdfs:subClassOf	infores:micro	knowledge_assertion	automated_agent			
MICRO:0000307	biolink:subclass_of	MICRO:0000518	rdfs:subClassOf	infores:micro	knowledge_assertion	automated_agent			
MICRO:0000455	biolink:subclass_of	MICRO:0000079	rdfs:subClassOf	infores:micro	knowledge_assertion	automated_agent			
MICRO:0000456	biolink:subclass_of	MICRO:0000455	rdfs:subClassOf	infores:micro	knowledge_assertion	automated_agent			
MICRO:0000457	biolink:subclass_of	MICRO:0001370	rdfs:subClassOf	infores:micro	knowledge_assertion	automated_agent			
MICRO:0000460	biolink:subclass_of	MICRO:0001650	rdfs:subClassOf	infores:micro	knowledge_assertion	automated_agent			
MICRO:0000462	biolink:subclass_of	MICRO:0000174	rdfs:subClassOf	infores:micro	knowledge_assertion	automated_agent			
MICRO:0000463	biolink:subclass_of	MICRO:0000174	rdfs:subClassOf	infores:micro	knowledge_assertion	automated_agent			
MICRO:0000465	biolink:subclass_of	MICRO:0000174	rdfs:subClassOf	infores:micro	knowledge_assertion	automated_agent			
MICRO:0000466	biolink:subclass_of	MICRO:0000463	rdfs:subClassOf	infores:micro	knowledge_assertion	automated_agent			
MICRO:0000518	biolink:subclass_of	MICRO:0000164	rdfs:subClassOf	infores:micro	knowledge_assertion	automated_agent			
MICRO:0000520	biolink:subclass_of	MICRO:0000167	rdfs:subClassOf	infores:micro	knowledge_assertion	automated_agent			
MICRO:0000521	biolink:subclass_of	MICRO:0000167	rdfs:subClassOf	infores:micro	knowledge_assertion	automated_agent			
MICRO:0000522	biolink:subclass_of	MICRO:0000201	rdfs:subClassOf	infores:micro	knowledge_assertion	automated_agent			
MICRO:0000536	biolink:subclass_of	MICRO:0000067	rdfs:subClassOf	infores:micro	knowledge_assertion	automated_agent			
MICRO:0000543	biolink:subclass_of	MICRO:0000067	rdfs:subClassOf	infores:micro	knowledge_assertion	automated_agent			
MICRO:0000554	biolink:subclass_of	MICRO:0000067	rdfs:subClassOf	infores:micro	knowledge_assertion	automated_agent			
MICRO:0000566	biolink:subclass_of	MICRO:0000067	rdfs:subClassOf	infores:micro	knowledge_assertion	automated_agent			
MICRO:0000567	biolink:subclass_of	MICRO:0000067	rdfs:subClassOf	infores:micro	knowledge_assertion	automated_agent			
MICRO:0000571	biolink:subclass_of	MICRO:0000116	rdfs:subClassOf	infores:micro	knowledge_assertion	automated_agent			
MICRO:0000591	biolink:subclass_of	MICRO:0000067	rdfs:subClassOf	infores:micro	knowledge_assertion	automated_agent			
MICRO:0000595	biolink:subclass_of	MICRO:0000067	rdfs:subClassOf	infores:micro	knowledge_assertion	automated_agent			
MICRO:0000606	biolink:subclass_of	MICRO:0001366	rdfs:subClassOf	infores:micro	knowledge_assertion	automated_agent			
MICRO:0000610	biolink:subclass_of	MICRO:0000167	rdfs:subClassOf	infores:micro	knowledge_assertion	automated_agent			
MICRO:0000673	biolink:subclass_of	MICRO:0000874	rdfs:subClassOf	infores:micro	knowledge_assertion	automated_agent			
MICRO:0000795	biolink:subclass_of	OBI:0000070	rdfs:subClassOf	infores:micro	knowledge_assertion	automated_agent			
MICRO:0000851	biolink:subclass_of	MICRO:0000795	rdfs:subClassOf	infores:micro	knowledge_assertion	automated_agent			
MICRO:0000874	biolink:subclass_of	MICRO:0000851	rdfs:subClassOf	infores:micro	knowledge_assertion	automated_agent			
MICRO:0001227	biolink:subclass_of	MICRO:0000167	rdfs:subClassOf	infores:micro	knowledge_assertion	automated_agent			
MICRO:0001229	biolink:subclass_of	MICRO:0001774	rdfs:subClassOf	infores:micro	knowledge_assertion	automated_agent			
MICRO:0001230	biolink:subclass_of	MICRO:0001774	rdfs:subClassOf	infores:micro	knowledge_assertion	automated_agent			
MICRO:0001233	biolink:subclass_of	MICRO:0001227	rdfs:subClassOf	infores:micro	knowledge_assertion	automated_agent			
MICRO:0001234	biolink:subclass_of	MICRO:0001774	rdfs:subClassOf	infores:micro	knowledge_assertion	automated_agent			
MICRO:0001235	biolink:subclass_of	MICRO:0001236	rdfs:subClassOf	infores:micro	knowledge_assertion	automated_agent			
MICRO:0001236	biolink:subclass_of	MICRO:0001227	rdfs:subClassOf	infores:micro	knowledge_assertion	automated_agent			
MICRO:0001238	biolink:subclass_of	MICRO:0001236	rdfs:subClassOf	infores:micro	knowledge_assertion	automated_agent			
MICRO:0001241	biolink:subclass_of	MICRO:0001243	rdfs:subClassOf	infores:micro	knowledge_assertion	automated_agent			
MICRO:0001243	biolink:subclass_of	MICRO:0000167	rdfs:subClassOf	infores:micro	knowledge_assertion	automated_agent			
MICRO:0001328	biolink:subclass_of	MICRO:0000067	rdfs:subClassOf	infores:micro	knowledge_assertion	automated_agent			
MICRO:0001348	biolink:subclass_of	MICRO:0000067	rdfs:subClassOf	infores:micro	knowledge_assertion	automated_agent			
MICRO:0001349	biolink:subclass_of	MICRO:0000455	rdfs:subClassOf	infores:micro	knowledge_assertion	automated_agent			
MICRO:0001358	biolink:subclass_of	MICRO:0000067	rdfs:subClassOf	infores:micro	knowledge_assertion	automated_agent			
MICRO:0001362	biolink:subclass_of	MICRO:0000173	rdfs:subClassOf	infores:micro	knowledge_assertion	automated_agent			
MICRO:0001363	biolink:subclass_of	MICRO:0000169	rdfs:subClassOf	infores:micro	knowledge_assertion	automated_agent			
MICRO:0001365	biolink:subclass_of	MICRO:0000465	rdfs:subClassOf	infores:micro	knowledge_assertion	automated_agent			
MICRO:0001366	biolink:subclass_of	MICRO:0000465	rdfs:subClassOf	infores:micro	knowledge_assertion	automated_agent			
MICRO:0001370	biolink:subclass_of	MICRO:0000167	rdfs:subClassOf	infores:micro	knowledge_assertion	automated_agent			
MICRO:0001570	biolink:subclass_of	MICRO:0002115	rdfs:subClassOf	infores:micro	knowledge_assertion	automated_agent			
MICRO:0001572	biolink:subclass_of	MICRO:0002115	rdfs:subClassOf	infores:micro	knowledge_assertion	automated_agent			
MICRO:0001597	biolink:subclass_of	MICRO:0001233	rdfs:subClassOf	infores:micro	knowledge_assertion	automated_agent			
MICRO:0001598	biolink:subclass_of	MICRO:0001650	rdfs:subClassOf	infores:micro	knowledge_assertion	automated_agent			
MICRO:0001599	biolink:subclass_of	MICRO:0000518	rdfs:subClassOf	infores:micro	knowledge_assertion	automated_agent			
MICRO:0001611	biolink:subclass_of	MICRO:0001243	rdfs:subClassOf	infores:micro	knowledge_assertion	automated_agent			
MICRO:0001647	biolink:subclass_of	MICRO:0001648	rdfs:subClassOf	infores:micro	knowledge_assertion	automated_agent			
MICRO:0001648	biolink:subclass_of	MICRO:0000571	rdfs:subClassOf	infores:micro	knowledge_assertion	automated_agent			
MICRO:0001650	biolink:subclass_of	MICRO:0000518	rdfs:subClassOf	infores:micro	knowledge_assertion	automated_agent			
MICRO:0001654	biolink:subclass_of	MICRO:0000079	rdfs:subClassOf	infores:micro	knowledge_assertion	automated_agent			
MICRO:0001668	biolink:subclass_of	MICRO:0000463	rdfs:subClassOf	infores:micro	knowledge_assertion	automated_agent			
MICRO:0001709	biolink:subclass_of	MICRO:0001236	rdfs:subClassOf	infores:micro	knowledge_assertion	automated_agent			
MICRO:0001715	biolink:subclass_of	MICRO:0001654	rdfs:subClassOf	infores:micro	knowledge_assertion	automated_agent			
MICRO:0001723	biolink:subclass_of	CHEBI:2509	rdfs:subClassOf	infores:micro	knowledge_assertion	automated_agent			
MICRO:0001773	biolink:subclass_of	MICRO:0001648	rdfs:subClassOf	infores:micro	knowledge_assertion	automated_agent			
MICRO:0001774	biolink:subclass_of	MICRO:0001233	rdfs:subClassOf	infores:micro	knowledge_assertion	automated_agent			
MICRO:0002115	biolink:subclass_of	MICRO:0001233	rdfs:subClassOf	infores:micro	knowledge_assertion	automated_agent			
MICRO:0002250	biolink:subclass_of	MICRO:0000167	rdfs:subClassOf	infores:micro	knowledge_assertion	automated_agent			
MICRO:0002392	biolink:subclass_of	MICRO:0001236	rdfs:subClassOf	infores:micro	knowledge_assertion	automated_agent			
MICRO:0002393	biolink:subclass_of	MICRO:0000180	rdfs:subClassOf	infores:micro	knowledge_assertion	automated_agent			
